profile,method,iterations,mean_objective,std_objective,runtime_sec,ok,M,N,km,B,T,gamma,mc_trials,seed,q_min,q_max,q_mean,q_std
uniform_wide,harmonic,1,129.35110466924579,4.954506007228003,0.16650973099967814,True,10,10,9,20,100,0.9,10,0,0.35172525510719327,0.9782422595472029,0.6809830602056709,0.18246413519700477
uniform_wide,harmonic,2,126.55511477752309,4.385968731611686,0.16150903400011885,True,10,10,9,20,100,0.9,10,0,0.35172525510719327,0.9782422595472029,0.6809830602056709,0.18246413519700477
uniform_wide,harmonic,4,130.69714885095246,5.402239097277476,0.1671505159993103,True,10,10,9,20,100,0.9,10,0,0.35172525510719327,0.9782422595472029,0.6809830602056709,0.18246413519700477
uniform_wide,harmonic,8,123.26329416407516,4.276780159050841,0.17814344200087362,True,10,10,9,20,100,0.9,10,0,0.35172525510719327,0.9782422595472029,0.6809830602056709,0.18246413519700477
uniform_wide,harmonic,16,119.87226306620899,3.742566873804046,0.1971064600002137,True,10,10,9,20,100,0.9,10,0,0.35172525510719327,0.9782422595472029,0.6809830602056709,0.18246413519700477
uniform_wide,harmonic,32,118.5409462994759,3.540716448064455,0.2350973350003187,True,10,10,9,20,100,0.9,10,0,0.35172525510719327,0.9782422595472029,0.6809830602056709,0.18246413519700477
uniform_wide,harmonic,64,117.68114931234382,4.114069525313116,0.32224055000006047,True,10,10,9,20,100,0.9,10,0,0.35172525510719327,0.9782422595472029,0.6809830602056709,0.18246413519700477
uniform_wide,harmonic,128,118.25806775439426,4.650576947108347,0.4834140210004989,True,10,10,9,20,100,0.9,10,0,0.35172525510719327,0.9782422595472029,0.6809830602056709,0.18246413519700477
uniform_wide,sqrt,1,129.35110466924579,4.954506007228003,0.1625267729996267,True,10,10,9,20,100,0.9,10,0,0.35172525510719327,0.9782422595472029,0.6809830602056709,0.18246413519700477
uniform_wide,sqrt,2,126.6523440093963,3.3968221903086415,0.16206816300109494,True,10,10,9,20,100,0.9,10,0,0.35172525510719327,0.9782422595472029,0.6809830602056709,0.18246413519700477
uniform_wide,sqrt,4,123.11301224525737,4.102719021983652,0.1675787650001439,True,10,10,9,20,100,0.9,10,0,0.35172525510719327,0.9782422595472029,0.6809830602056709,0.18246413519700477
uniform_wide,sqrt,8,120.44243411499414,3.874025717332244,0.1755322270000761,True,10,10,9,20,100,0.9,10,0,0.35172525510719327,0.9782422595472029,0.6809830602056709,0.18246413519700477
uniform_wide,sqrt,16,121.04380921978552,3.461086546819764,0.19893486799992388,True,10,10,9,20,100,0.9,10,0,0.35172525510719327,0.9782422595472029,0.6809830602056709,0.18246413519700477
uniform_wide,sqrt,32,123.63282412700119,4.309326138446459,0.2378875349986629,True,10,10,9,20,100,0.9,10,0,0.35172525510719327,0.9782422595472029,0.6809830602056709,0.18246413519700477
uniform_wide,sqrt,64,112.58345691010717,2.6013538826540783,0.3268002400000114,True,10,10,9,20,100,0.9,10,0,0.35172525510719327,0.9782422595472029,0.6809830602056709,0.18246413519700477
uniform_wide,sqrt,128,112.057286373333,2.700887199247102,0.4910149290008121,True,10,10,9,20,100,0.9,10,0,0.35172525510719327,0.9782422595472029,0.6809830602056709,0.18246413519700477
uniform_wide,normalized_global,1,113.7438127744341,3.5249295326899,0.18169412299903343,True,10,10,9,20,100,0.9,10,0,0.35172525510719327,0.9782422595472029,0.6809830602056709,0.18246413519700477
uniform_wide,normalized_global,2,113.7438127744341,3.5249295326899,0.1851989169990702,True,10,10,9,20,100,0.9,10,0,0.35172525510719327,0.9782422595472029,0.6809830602056709,0.18246413519700477
uniform_wide,normalized_global,4,113.7438127744341,3.5249295326899,0.191742567001711,True,10,10,9,20,100,0.9,10,0,0.35172525510719327,0.9782422595472029,0.6809830602056709,0.18246413519700477
uniform_wide,normalized_global,8,113.7438127744341,3.5249295326899,0.20585528500123473,True,10,10,9,20,100,0.9,10,0,0.35172525510719327,0.9782422595472029,0.6809830602056709,0.18246413519700477
uniform_wide,normalized_global,16,113.76710281611743,3.547816871533377,0.22571204499945452,True,10,10,9,20,100,0.9,10,0,0.35172525510719327,0.9782422595472029,0.6809830602056709,0.18246413519700477
uniform_wide,normalized_global,32,113.7975765317733,3.653230174630891,0.26450271899921063,True,10,10,9,20,100,0.9,10,0,0.35172525510719327,0.9782422595472029,0.6809830602056709,0.18246413519700477
uniform_wide,normalized_global,64,113.77162652315192,3.7334773147831277,0.3520803299998079,True,10,10,9,20,100,0.9,10,0,0.35172525510719327,0.9782422595472029,0.6809830602056709,0.18246413519700477
uniform_wide,normalized_global,128,113.35893366022393,3.390697095833724,0.520937903000231,True,10,10,9,20,100,0.9,10,0,0.35172525510719327,0.9782422595472029,0.6809830602056709,0.18246413519700477
uniform_wide,normalized_blocks,1,113.7438127744341,3.5249295326899,0.1862348929989821,True,10,10,9,20,100,0.9,10,0,0.35172525510719327,0.9782422595472029,0.6809830602056709,0.18246413519700477
uniform_wide,normalized_blocks,2,113.7438127744341,3.5249295326899,0.1896417879997898,True,10,10,9,20,100,0.9,10,0,0.35172525510719327,0.9782422595472029,0.6809830602056709,0.18246413519700477
uniform_wide,normalized_blocks,4,113.7438127744341,3.5249295326899,0.19310638000024483,True,10,10,9,20,100,0.9,10,0,0.35172525510719327,0.9782422595472029,0.6809830602056709,0.18246413519700477
uniform_wide,normalized_blocks,8,113.45564532851033,3.6308793677492632,0.204254474998379,True,10,10,9,20,100,0.9,10,0,0.35172525510719327,0.9782422595472029,0.6809830602056709,0.18246413519700477
uniform_wide,normalized_blocks,16,113.77765322485723,3.5297000902809477,0.2242300179987069,True,10,10,9,20,100,0.9,10,0,0.35172525510719327,0.9782422595472029,0.6809830602056709,0.18246413519700477
uniform_wide,normalized_blocks,32,113.8438976261416,3.508400050607128,0.2660642580012791,True,10,10,9,20,100,0.9,10,0,0.35172525510719327,0.9782422595472029,0.6809830602056709,0.18246413519700477
uniform_wide,normalized_blocks,64,113.8435654438418,3.454667909721703,0.3582670000014332,True,10,10,9,20,100,0.9,10,0,0.35172525510719327,0.9782422595472029,0.6809830602056709,0.18246413519700477
uniform_wide,normalized_blocks,128,113.22240615413416,3.545490286648955,0.5308936340006767,True,10,10,9,20,100,0.9,10,0,0.35172525510719327,0.9782422595472029,0.6809830602056709,0.18246413519700477
uniform_wide,adagrad,1,113.87251546597152,3.640491049844111,0.17969929699938803,True,10,10,9,20,100,0.9,10,0,0.35172525510719327,0.9782422595472029,0.6809830602056709,0.18246413519700477
uniform_wide,adagrad,2,113.2298251112589,3.4220432636848677,0.1826049109986343,True,10,10,9,20,100,0.9,10,0,0.35172525510719327,0.9782422595472029,0.6809830602056709,0.18246413519700477
uniform_wide,adagrad,4,113.29611181939899,3.3556847089833646,0.1816581650000444,True,10,10,9,20,100,0.9,10,0,0.35172525510719327,0.9782422595472029,0.6809830602056709,0.18246413519700477
uniform_wide,adagrad,8,113.11995780657212,3.3513750629940753,0.1876433340003132,True,10,10,9,20,100,0.9,10,0,0.35172525510719327,0.9782422595472029,0.6809830602056709,0.18246413519700477
uniform_wide,adagrad,16,113.64788963168003,4.019022227336033,0.20512787899860996,True,10,10,9,20,100,0.9,10,0,0.35172525510719327,0.9782422595472029,0.6809830602056709,0.18246413519700477
uniform_wide,adagrad,32,113.30929206520916,2.9734657581055814,0.24964147799983039,True,10,10,9,20,100,0.9,10,0,0.35172525510719327,0.9782422595472029,0.6809830602056709,0.18246413519700477
uniform_wide,adagrad,64,113.64640721519467,4.210345857950495,0.32430831200144894,True,10,10,9,20,100,0.9,10,0,0.35172525510719327,0.9782422595472029,0.6809830602056709,0.18246413519700477
uniform_wide,adagrad,128,113.31877589176335,3.9882824578959877,0.5086471689992322,True,10,10,9,20,100,0.9,10,0,0.35172525510719327,0.9782422595472029,0.6809830602056709,0.18246413519700477
uniform_wide,rmsprop,1,113.86399673763326,3.4931277975965194,0.16480907000004663,True,10,10,9,20,100,0.9,10,0,0.35172525510719327,0.9782422595472029,0.6809830602056709,0.18246413519700477
uniform_wide,rmsprop,2,112.73924896791225,3.264273478092829,0.16591386400068586,True,10,10,9,20,100,0.9,10,0,0.35172525510719327,0.9782422595472029,0.6809830602056709,0.18246413519700477
uniform_wide,rmsprop,4,113.86029424969738,3.5058916423499453,0.16415612399941892,True,10,10,9,20,100,0.9,10,0,0.35172525510719327,0.9782422595472029,0.6809830602056709,0.18246413519700477
uniform_wide,rmsprop,8,115.76992586249003,3.799918338084694,0.17116781000004266,True,10,10,9,20,100,0.9,10,0,0.35172525510719327,0.9782422595472029,0.6809830602056709,0.18246413519700477
uniform_wide,rmsprop,16,114.54619658030876,3.718256920160278,0.18592377900131396,True,10,10,9,20,100,0.9,10,0,0.35172525510719327,0.9782422595472029,0.6809830602056709,0.18246413519700477
uniform_wide,rmsprop,32,113.78735516745569,3.4759516209024537,0.23175643800095713,True,10,10,9,20,100,0.9,10,0,0.35172525510719327,0.9782422595472029,0.6809830602056709,0.18246413519700477
uniform_wide,rmsprop,64,113.85987129368448,2.892342561365963,0.30533283299882896,True,10,10,9,20,100,0.9,10,0,0.35172525510719327,0.9782422595472029,0.6809830602056709,0.18246413519700477
uniform_wide,rmsprop,128,118.17328488223298,2.9770227834468517,0.4622273419990961,True,10,10,9,20,100,0.9,10,0,0.35172525510719327,0.9782422595472029,0.6809830602056709,0.18246413519700477
uniform_wide,adam,1,113.87251546597152,3.640491049844111,0.18821286099955614,True,10,10,9,20,100,0.9,10,0,0.35172525510719327,0.9782422595472029,0.6809830602056709,0.18246413519700477
uniform_wide,adam,2,113.64137451281947,3.3149203360762254,0.19833386999926006,True,10,10,9,20,100,0.9,10,0,0.35172525510719327,0.9782422595472029,0.6809830602056709,0.18246413519700477
uniform_wide,adam,4,113.7675446435718,3.2927083605884513,0.17293459800021083,True,10,10,9,20,100,0.9,10,0,0.35172525510719327,0.9782422595472029,0.6809830602056709,0.18246413519700477
uniform_wide,adam,8,114.94298220061242,4.139119613585512,0.16928910199931124,True,10,10,9,20,100,0.9,10,0,0.35172525510719327,0.9782422595472029,0.6809830602056709,0.18246413519700477
uniform_wide,adam,16,115.78499990328726,5.83345695687998,0.18450480899991817,True,10,10,9,20,100,0.9,10,0,0.35172525510719327,0.9782422595472029,0.6809830602056709,0.18246413519700477
uniform_wide,adam,32,113.78658846681954,3.206920952051914,0.2190435160009656,True,10,10,9,20,100,0.9,10,0,0.35172525510719327,0.9782422595472029,0.6809830602056709,0.18246413519700477
uniform_wide,adam,64,113.50289709562007,2.4918535246271145,0.29917144600040046,True,10,10,9,20,100,0.9,10,0,0.35172525510719327,0.9782422595472029,0.6809830602056709,0.18246413519700477
uniform_wide,adam,128,111.56318288607046,2.5385339491591914,0.47285363400078495,True,10,10,9,20,100,0.9,10,0,0.35172525510719327,0.9782422595472029,0.6809830602056709,0.18246413519700477
uniform_wide,deflected_sqrt,1,123.71337368646314,4.629853768822395,0.1719735570004559,True,10,10,9,20,100,0.9,10,0,0.35172525510719327,0.9782422595472029,0.6809830602056709,0.18246413519700477
uniform_wide,deflected_sqrt,2,126.60900410173528,5.219145212509289,0.17204413500076043,True,10,10,9,20,100,0.9,10,0,0.35172525510719327,0.9782422595472029,0.6809830602056709,0.18246413519700477
uniform_wide,deflected_sqrt,4,123.76469648652021,4.347214341041098,0.17359196399957,True,10,10,9,20,100,0.9,10,0,0.35172525510719327,0.9782422595472029,0.6809830602056709,0.18246413519700477
uniform_wide,deflected_sqrt,8,125.63439047997561,5.105440125365798,0.20017326900051557,True,10,10,9,20,100,0.9,10,0,0.35172525510719327,0.9782422595472029,0.6809830602056709,0.18246413519700477
uniform_wide,deflected_sqrt,16,115.75450229574042,3.1733465834363486,0.20408970800053794,True,10,10,9,20,100,0.9,10,0,0.35172525510719327,0.9782422595472029,0.6809830602056709,0.18246413519700477
uniform_wide,deflected_sqrt,32,112.8809259761756,2.5937612189355037,0.24842606899983366,True,10,10,9,20,100,0.9,10,0,0.35172525510719327,0.9782422595472029,0.6809830602056709,0.18246413519700477
uniform_wide,deflected_sqrt,64,113.40745604738763,3.358949378521284,0.33138839000093867,True,10,10,9,20,100,0.9,10,0,0.35172525510719327,0.9782422595472029,0.6809830602056709,0.18246413519700477
uniform_wide,deflected_sqrt,128,111.76056724098751,2.2238943913690816,0.5194604870011972,True,10,10,9,20,100,0.9,10,0,0.35172525510719327,0.9782422595472029,0.6809830602056709,0.18246413519700477
uniform_wide,episode1_mstep,1,179.0869506640035,10.838527489908591,0.14662051899904327,True,10,10,9,20,100,0.9,10,0,0.35172525510719327,0.9782422595472029,0.6809830602056709,0.18246413519700477
uniform_wide,episode1_mstep,2,164.4201994662632,8.768403617045621,0.1532596819997707,True,10,10,9,20,100,0.9,10,0,0.35172525510719327,0.9782422595472029,0.6809830602056709,0.18246413519700477
uniform_wide,episode1_mstep,4,143.17804766935942,3.2334857861282122,0.16455015999963507,True,10,10,9,20,100,0.9,10,0,0.35172525510719327,0.9782422595472029,0.6809830602056709,0.18246413519700477
uniform_wide,episode1_mstep,8,133.69493761483994,2.963352006696904,0.1808791570001631,True,10,10,9,20,100,0.9,10,0,0.35172525510719327,0.9782422595472029,0.6809830602056709,0.18246413519700477
uniform_wide,episode1_mstep,16,127.80694293188651,2.4008407496129354,0.21597549599937338,True,10,10,9,20,100,0.9,10,0,0.35172525510719327,0.9782422595472029,0.6809830602056709,0.18246413519700477
uniform_wide,episode1_mstep,32,121.63545259312954,3.271579300142174,0.2930481610001152,True,10,10,9,20,100,0.9,10,0,0.35172525510719327,0.9782422595472029,0.6809830602056709,0.18246413519700477
uniform_wide,episode1_mstep,64,121.36036874771526,2.7627270184498514,0.4403131979997852,True,10,10,9,20,100,0.9,10,0,0.35172525510719327,0.9782422595472029,0.6809830602056709,0.18246413519700477
uniform_wide,episode1_mstep,128,115.60068500497898,3.904532048233018,0.7240954620010598,True,10,10,9,20,100,0.9,10,0,0.35172525510719327,0.9782422595472029,0.6809830602056709,0.18246413519700477
uniform_wide,kelley_bounded,1,113.7438127744341,3.5249295326899,0.28986638100104756,True,10,10,9,20,100,0.9,10,0,0.35172525510719327,0.9782422595472029,0.6809830602056709,0.18246413519700477
uniform_wide,kelley_bounded,2,113.7438127744341,3.5249295326899,0.19400186099846906,True,10,10,9,20,100,0.9,10,0,0.35172525510719327,0.9782422595472029,0.6809830602056709,0.18246413519700477
uniform_wide,kelley_bounded,4,121.88761694992596,5.624611062757776,0.13714439000068523,True,10,10,9,20,100,0.9,10,0,0.35172525510719327,0.9782422595472029,0.6809830602056709,0.18246413519700477
uniform_wide,kelley_bounded,8,125.59035971740556,5.303939021908294,0.15169535200038808,True,10,10,9,20,100,0.9,10,0,0.35172525510719327,0.9782422595472029,0.6809830602056709,0.18246413519700477
uniform_wide,kelley_bounded,16,125.59035971740556,5.303939021908294,0.19844851800007746,True,10,10,9,20,100,0.9,10,0,0.35172525510719327,0.9782422595472029,0.6809830602056709,0.18246413519700477
uniform_wide,kelley_bounded,32,125.59035971740556,5.303939021908294,0.29201228500096477,True,10,10,9,20,100,0.9,10,0,0.35172525510719327,0.9782422595472029,0.6809830602056709,0.18246413519700477
uniform_wide,kelley_bounded,64,125.6352333561803,5.458249207634499,0.4708758659999148,True,10,10,9,20,100,0.9,10,0,0.35172525510719327,0.9782422595472029,0.6809830602056709,0.18246413519700477
uniform_wide,kelley_bounded,128,125.5985091641586,5.503125113494838,0.7787468059996172,True,10,10,9,20,100,0.9,10,0,0.35172525510719327,0.9782422595472029,0.6809830602056709,0.18246413519700477
uniform_wide,trust_region_kelley,1,113.7438127744341,3.5249295326899,0.17556214000069303,True,10,10,9,20,100,0.9,10,0,0.35172525510719327,0.9782422595472029,0.6809830602056709,0.18246413519700477
uniform_wide,trust_region_kelley,2,113.7438127744341,3.5249295326899,0.1810228599988477,True,10,10,9,20,100,0.9,10,0,0.35172525510719327,0.9782422595472029,0.6809830602056709,0.18246413519700477
uniform_wide,trust_region_kelley,4,121.88761694992596,5.624611062757776,0.13253233199975512,True,10,10,9,20,100,0.9,10,0,0.35172525510719327,0.9782422595472029,0.6809830602056709,0.18246413519700477
uniform_wide,trust_region_kelley,8,125.59035971740556,5.303939021908294,0.14172028200118802,True,10,10,9,20,100,0.9,10,0,0.35172525510719327,0.9782422595472029,0.6809830602056709,0.18246413519700477
uniform_wide,trust_region_kelley,16,125.59035971740556,5.303939021908294,0.1851622550002503,True,10,10,9,20,100,0.9,10,0,0.35172525510719327,0.9782422595472029,0.6809830602056709,0.18246413519700477
uniform_wide,trust_region_kelley,32,125.59035971740556,5.303939021908294,0.2673284489992511,True,10,10,9,20,100,0.9,10,0,0.35172525510719327,0.9782422595472029,0.6809830602056709,0.18246413519700477
uniform_wide,trust_region_kelley,64,125.59035971740556,5.303939021908294,0.43658936899919354,True,10,10,9,20,100,0.9,10,0,0.35172525510719327,0.9782422595472029,0.6809830602056709,0.18246413519700477
uniform_wide,trust_region_kelley,128,125.59035971740556,5.303939021908294,0.7771724510002969,True,10,10,9,20,100,0.9,10,0,0.35172525510719327,0.9782422595472029,0.6809830602056709,0.18246413519700477
uniform_wide,proximal_bundle,1,113.7438127744341,3.5249295326899,0.17570336800054065,True,10,10,9,20,100,0.9,10,0,0.35172525510719327,0.9782422595472029,0.6809830602056709,0.18246413519700477
uniform_wide,proximal_bundle,2,113.7438127744341,3.5249295326899,0.1797945449998224,True,10,10,9,20,100,0.9,10,0,0.35172525510719327,0.9782422595472029,0.6809830602056709,0.18246413519700477
uniform_wide,proximal_bundle,4,113.7438127744341,3.5249295326899,0.1914157110004453,True,10,10,9,20,100,0.9,10,0,0.35172525510719327,0.9782422595472029,0.6809830602056709,0.18246413519700477
uniform_wide,proximal_bundle,8,113.7438127744341,3.5249295326899,0.22241000199937844,True,10,10,9,20,100,0.9,10,0,0.35172525510719327,0.9782422595472029,0.6809830602056709,0.18246413519700477
uniform_wide,proximal_bundle,16,113.7438127744341,3.5249295326899,0.25668798799961223,True,10,10,9,20,100,0.9,10,0,0.35172525510719327,0.9782422595472029,0.6809830602056709,0.18246413519700477
uniform_wide,proximal_bundle,32,113.7438127744341,3.5249295326899,0.33935437699983595,True,10,10,9,20,100,0.9,10,0,0.35172525510719327,0.9782422595472029,0.6809830602056709,0.18246413519700477
uniform_wide,proximal_bundle,64,113.7438127744341,3.5249295326899,0.49836940199929813,True,10,10,9,20,100,0.9,10,0,0.35172525510719327,0.9782422595472029,0.6809830602056709,0.18246413519700477
uniform_wide,proximal_bundle,128,113.7438127744341,3.5249295326899,0.8193701430009241,True,10,10,9,20,100,0.9,10,0,0.35172525510719327,0.9782422595472029,0.6809830602056709,0.18246413519700477
uniform_low,harmonic,1,147.23509965356166,6.1977152147410495,0.15258318499945744,True,10,10,9,20,100,0.9,10,0,0.3509584750595518,0.6990234775262238,0.5338794778920395,0.10136896399833598
uniform_low,harmonic,2,146.74540353115853,6.812151591836451,0.15388208799959102,True,10,10,9,20,100,0.9,10,0,0.3509584750595518,0.6990234775262238,0.5338794778920395,0.10136896399833598
uniform_low,harmonic,4,145.69049128855414,7.6610062252988875,0.16292066699861607,True,10,10,9,20,100,0.9,10,0,0.3509584750595518,0.6990234775262238,0.5338794778920395,0.10136896399833598
uniform_low,harmonic,8,140.79617199377853,5.797616007985495,0.16894659900026454,True,10,10,9,20,100,0.9,10,0,0.3509584750595518,0.6990234775262238,0.5338794778920395,0.10136896399833598
uniform_low,harmonic,16,137.82868533752364,6.22313049574345,0.19513386399921728,True,10,10,9,20,100,0.9,10,0,0.3509584750595518,0.6990234775262238,0.5338794778920395,0.10136896399833598
uniform_low,harmonic,32,135.67706899559087,6.241059349647661,0.2598648500006675,True,10,10,9,20,100,0.9,10,0,0.3509584750595518,0.6990234775262238,0.5338794778920395,0.10136896399833598
uniform_low,harmonic,64,133.41986836793043,6.117728712055076,0.33728961199994956,True,10,10,9,20,100,0.9,10,0,0.3509584750595518,0.6990234775262238,0.5338794778920395,0.10136896399833598
uniform_low,harmonic,128,133.46376705676323,7.110806172466653,0.5107626010012609,True,10,10,9,20,100,0.9,10,0,0.3509584750595518,0.6990234775262238,0.5338794778920395,0.10136896399833598
uniform_low,sqrt,1,147.23509965356166,6.1977152147410495,0.16720327499933774,True,10,10,9,20,100,0.9,10,0,0.3509584750595518,0.6990234775262238,0.5338794778920395,0.10136896399833598
uniform_low,sqrt,2,148.6433778536213,7.292855080504091,0.16639599299924157,True,10,10,9,20,100,0.9,10,0,0.3509584750595518,0.6990234775262238,0.5338794778920395,0.10136896399833598
uniform_low,sqrt,4,139.6933562021912,6.266891607798257,0.1726649449992692,True,10,10,9,20,100,0.9,10,0,0.3509584750595518,0.6990234775262238,0.5338794778920395,0.10136896399833598
uniform_low,sqrt,8,134.77605835256585,5.425209820620078,0.1853555649995542,True,10,10,9,20,100,0.9,10,0,0.3509584750595518,0.6990234775262238,0.5338794778920395,0.10136896399833598
uniform_low,sqrt,16,137.80099177124572,5.681066858472755,0.19613612300054228,True,10,10,9,20,100,0.9,10,0,0.3509584750595518,0.6990234775262238,0.5338794778920395,0.10136896399833598
uniform_low,sqrt,32,135.54045301903278,6.947522190229365,0.242155060001096,True,10,10,9,20,100,0.9,10,0,0.3509584750595518,0.6990234775262238,0.5338794778920395,0.10136896399833598
uniform_low,sqrt,64,132.27835355365647,7.451852719010879,0.32626006300051813,True,10,10,9,20,100,0.9,10,0,0.3509584750595518,0.6990234775262238,0.5338794778920395,0.10136896399833598
uniform_low,sqrt,128,128.26351076076713,3.5755097543714256,0.501366185999359,True,10,10,9,20,100,0.9,10,0,0.3509584750595518,0.6990234775262238,0.5338794778920395,0.10136896399833598
uniform_low,normalized_global,1,128.22120225085897,5.407888229158201,0.18792799499897228,True,10,10,9,20,100,0.9,10,0,0.3509584750595518,0.6990234775262238,0.5338794778920395,0.10136896399833598
uniform_low,normalized_global,2,128.22120225085897,5.407888229158201,0.18680275900078414,True,10,10,9,20,100,0.9,10,0,0.3509584750595518,0.6990234775262238,0.5338794778920395,0.10136896399833598
uniform_low,normalized_global,4,128.22120225085897,5.407888229158201,0.19198920199960412,True,10,10,9,20,100,0.9,10,0,0.3509584750595518,0.6990234775262238,0.5338794778920395,0.10136896399833598
uniform_low,normalized_global,8,128.22120225085897,5.407888229158201,0.20971794999968552,True,10,10,9,20,100,0.9,10,0,0.3509584750595518,0.6990234775262238,0.5338794778920395,0.10136896399833598
uniform_low,normalized_global,16,128.20222182421898,5.2168572939758375,0.219458098999894,True,10,10,9,20,100,0.9,10,0,0.3509584750595518,0.6990234775262238,0.5338794778920395,0.10136896399833598
uniform_low,normalized_global,32,127.9885587539555,5.112221120351771,0.26296733200069866,True,10,10,9,20,100,0.9,10,0,0.3509584750595518,0.6990234775262238,0.5338794778920395,0.10136896399833598
uniform_low,normalized_global,64,127.29774196230171,4.7199519479216185,0.3528106089997891,True,10,10,9,20,100,0.9,10,0,0.3509584750595518,0.6990234775262238,0.5338794778920395,0.10136896399833598
uniform_low,normalized_global,128,127.58493097864323,4.587797488462598,0.5263432410010864,True,10,10,9,20,100,0.9,10,0,0.3509584750595518,0.6990234775262238,0.5338794778920395,0.10136896399833598
uniform_low,normalized_blocks,1,128.22120225085897,5.407888229158201,0.1847534270000324,True,10,10,9,20,100,0.9,10,0,0.3509584750595518,0.6990234775262238,0.5338794778920395,0.10136896399833598
uniform_low,normalized_blocks,2,128.22120225085897,5.407888229158201,0.18586736200086307,True,10,10,9,20,100,0.9,10,0,0.3509584750595518,0.6990234775262238,0.5338794778920395,0.10136896399833598
uniform_low,normalized_blocks,4,128.22120225085897,5.407888229158201,0.19395062399962626,True,10,10,9,20,100,0.9,10,0,0.3509584750595518,0.6990234775262238,0.5338794778920395,0.10136896399833598
uniform_low,normalized_blocks,8,128.20222182421898,5.2168572939758375,0.20410130200070853,True,10,10,9,20,100,0.9,10,0,0.3509584750595518,0.6990234775262238,0.5338794778920395,0.10136896399833598
uniform_low,normalized_blocks,16,127.9885587539555,5.112221120351771,0.2269763669992244,True,10,10,9,20,100,0.9,10,0,0.3509584750595518,0.6990234775262238,0.5338794778920395,0.10136896399833598
uniform_low,normalized_blocks,32,127.39993458704058,4.673468874317776,0.2659652179991099,True,10,10,9,20,100,0.9,10,0,0.3509584750595518,0.6990234775262238,0.5338794778920395,0.10136896399833598
uniform_low,normalized_blocks,64,127.65469227581741,4.483770268389292,0.3561846949996834,True,10,10,9,20,100,0.9,10,0,0.3509584750595518,0.6990234775262238,0.5338794778920395,0.10136896399833598
uniform_low,normalized_blocks,128,129.0103204603673,5.38871490603586,0.5176028799996857,True,10,10,9,20,100,0.9,10,0,0.3509584750595518,0.6990234775262238,0.5338794778920395,0.10136896399833598
uniform_low,adagrad,1,127.95859856426327,5.312767322796617,0.17450286200073606,True,10,10,9,20,100,0.9,10,0,0.3509584750595518,0.6990234775262238,0.5338794778920395,0.10136896399833598
uniform_low,adagrad,2,128.08169871924173,5.122235874713719,0.18316540100022394,True,10,10,9,20,100,0.9,10,0,0.3509584750595518,0.6990234775262238,0.5338794778920395,0.10136896399833598
uniform_low,adagrad,4,127.25305080547109,4.368369873678069,0.18404585700045573,True,10,10,9,20,100,0.9,10,0,0.3509584750595518,0.6990234775262238,0.5338794778920395,0.10136896399833598
uniform_low,adagrad,8,127.4006731392554,4.463899436414022,0.19058346699966933,True,10,10,9,20,100,0.9,10,0,0.3509584750595518,0.6990234775262238,0.5338794778920395,0.10136896399833598
uniform_low,adagrad,16,129.4227544649312,6.153864093025204,0.20655233500110626,True,10,10,9,20,100,0.9,10,0,0.3509584750595518,0.6990234775262238,0.5338794778920395,0.10136896399833598
uniform_low,adagrad,32,130.11689547617067,7.038587206971213,0.2566427970014047,True,10,10,9,20,100,0.9,10,0,0.3509584750595518,0.6990234775262238,0.5338794778920395,0.10136896399833598
uniform_low,adagrad,64,128.95223480689054,5.199966956972175,0.34081791100106784,True,10,10,9,20,100,0.9,10,0,0.3509584750595518,0.6990234775262238,0.5338794778920395,0.10136896399833598
uniform_low,adagrad,128,128.99038444710905,4.381422784098417,0.5209365120008442,True,10,10,9,20,100,0.9,10,0,0.3509584750595518,0.6990234775262238,0.5338794778920395,0.10136896399833598
uniform_low,rmsprop,1,128.36412344803935,4.239135044687335,0.17980026400073257,True,10,10,9,20,100,0.9,10,0,0.3509584750595518,0.6990234775262238,0.5338794778920395,0.10136896399833598
uniform_low,rmsprop,2,131.91699896241,7.76996470146653,0.17490728700067848,True,10,10,9,20,100,0.9,10,0,0.3509584750595518,0.6990234775262238,0.5338794778920395,0.10136896399833598
uniform_low,rmsprop,4,128.6330890666399,5.790676258397763,0.17599213600078656,True,10,10,9,20,100,0.9,10,0,0.3509584750595518,0.6990234775262238,0.5338794778920395,0.10136896399833598
uniform_low,rmsprop,8,131.3453876819247,7.6868283214370905,0.18612992300040787,True,10,10,9,20,100,0.9,10,0,0.3509584750595518,0.6990234775262238,0.5338794778920395,0.10136896399833598
uniform_low,rmsprop,16,128.28819816651935,3.9282175191548423,0.20118057899890118,True,10,10,9,20,100,0.9,10,0,0.3509584750595518,0.6990234775262238,0.5338794778920395,0.10136896399833598
uniform_low,rmsprop,32,129.91006764393796,5.371900097434275,0.242735478999748,True,10,10,9,20,100,0.9,10,0,0.3509584750595518,0.6990234775262238,0.5338794778920395,0.10136896399833598
uniform_low,rmsprop,64,132.29943290025358,7.954730812248637,0.3299950210002862,True,10,10,9,20,100,0.9,10,0,0.3509584750595518,0.6990234775262238,0.5338794778920395,0.10136896399833598
uniform_low,rmsprop,128,128.4918728088117,3.6431497711579266,0.48362947100031306,True,10,10,9,20,100,0.9,10,0,0.3509584750595518,0.6990234775262238,0.5338794778920395,0.10136896399833598
uniform_low,adam,1,127.95859856426327,5.312767322796617,0.18185254300078668,True,10,10,9,20,100,0.9,10,0,0.3509584750595518,0.6990234775262238,0.5338794778920395,0.10136896399833598
uniform_low,adam,2,128.07284770730874,5.152534757527626,0.18144933100120397,True,10,10,9,20,100,0.9,10,0,0.3509584750595518,0.6990234775262238,0.5338794778920395,0.10136896399833598
uniform_low,adam,4,128.61901570509528,4.116574697154147,0.1799382200006221,True,10,10,9,20,100,0.9,10,0,0.3509584750595518,0.6990234775262238,0.5338794778920395,0.10136896399833598
uniform_low,adam,8,131.34530977582295,4.484025956022491,0.18600916600007622,True,10,10,9,20,100,0.9,10,0,0.3509584750595518,0.6990234775262238,0.5338794778920395,0.10136896399833598
uniform_low,adam,16,131.2505362453847,7.232089998052436,0.1993418259989994,True,10,10,9,20,100,0.9,10,0,0.3509584750595518,0.6990234775262238,0.5338794778920395,0.10136896399833598
uniform_low,adam,32,133.5891204886228,6.919008279256869,0.23513846000059857,True,10,10,9,20,100,0.9,10,0,0.3509584750595518,0.6990234775262238,0.5338794778920395,0.10136896399833598
uniform_low,adam,64,129.4296649717374,7.0263864720279,0.32582971500050917,True,10,10,9,20,100,0.9,10,0,0.3509584750595518,0.6990234775262238,0.5338794778920395,0.10136896399833598
uniform_low,adam,128,127.28234263009492,4.661529611543633,0.4923009810008807,True,10,10,9,20,100,0.9,10,0,0.3509584750595518,0.6990234775262238,0.5338794778920395,0.10136896399833598
uniform_low,deflected_sqrt,1,138.57820239515905,5.647628722212827,0.1726649100000941,True,10,10,9,20,100,0.9,10,0,0.3509584750595518,0.6990234775262238,0.5338794778920395,0.10136896399833598
uniform_low,deflected_sqrt,2,142.11140996147896,6.441860387248599,0.1753399419994821,True,10,10,9,20,100,0.9,10,0,0.3509584750595518,0.6990234775262238,0.5338794778920395,0.10136896399833598
uniform_low,deflected_sqrt,4,143.00429537905484,6.439323597224015,0.17560242199942877,True,10,10,9,20,100,0.9,10,0,0.3509584750595518,0.6990234775262238,0.5338794778920395,0.10136896399833598
uniform_low,deflected_sqrt,8,135.9989831710769,5.513785181507379,0.18830614400030754,True,10,10,9,20,100,0.9,10,0,0.3509584750595518,0.6990234775262238,0.5338794778920395,0.10136896399833598
uniform_low,deflected_sqrt,16,131.1463513520028,3.368312639091614,0.20854511600009573,True,10,10,9,20,100,0.9,10,0,0.3509584750595518,0.6990234775262238,0.5338794778920395,0.10136896399833598
uniform_low,deflected_sqrt,32,127.82095093971323,3.7599170294073776,0.24987655199947767,True,10,10,9,20,100,0.9,10,0,0.3509584750595518,0.6990234775262238,0.5338794778920395,0.10136896399833598
uniform_low,deflected_sqrt,64,132.4939572340573,7.310727052654747,0.33592906999911065,True,10,10,9,20,100,0.9,10,0,0.3509584750595518,0.6990234775262238,0.5338794778920395,0.10136896399833598
uniform_low,deflected_sqrt,128,127.50869537757265,4.038040947356927,0.5211803960010002,True,10,10,9,20,100,0.9,10,0,0.3509584750595518,0.6990234775262238,0.5338794778920395,0.10136896399833598
uniform_low,episode1_mstep,1,200.9628587893027,22.250906145809495,0.14881485099977,True,10,10,9,20,100,0.9,10,0,0.3509584750595518,0.6990234775262238,0.5338794778920395,0.10136896399833598
uniform_low,episode1_mstep,2,195.93428555286545,24.2482010625903,0.15495769700100936,True,10,10,9,20,100,0.9,10,0,0.3509584750595518,0.6990234775262238,0.5338794778920395,0.10136896399833598
uniform_low,episode1_mstep,4,166.3924695401097,10.196410334361811,0.16082675500001642,True,10,10,9,20,100,0.9,10,0,0.3509584750595518,0.6990234775262238,0.5338794778920395,0.10136896399833598
uniform_low,episode1_mstep,8,158.6819492056805,15.723594065670381,0.18326364499989722,True,10,10,9,20,100,0.9,10,0,0.3509584750595518,0.6990234775262238,0.5338794778920395,0.10136896399833598
uniform_low,episode1_mstep,16,163.26984139068378,16.470623254335386,0.2210693690012704,True,10,10,9,20,100,0.9,10,0,0.3509584750595518,0.6990234775262238,0.5338794778920395,0.10136896399833598
uniform_low,episode1_mstep,32,136.42727980663705,3.9508890412998943,0.29217154700018,True,10,10,9,20,100,0.9,10,0,0.3509584750595518,0.6990234775262238,0.5338794778920395,0.10136896399833598
uniform_low,episode1_mstep,64,133.3029765030784,3.738714926126972,0.4429961189998721,True,10,10,9,20,100,0.9,10,0,0.3509584750595518,0.6990234775262238,0.5338794778920395,0.10136896399833598
uniform_low,episode1_mstep,128,131.17536218767708,5.440104242642667,0.74536411400004,True,10,10,9,20,100,0.9,10,0,0.3509584750595518,0.6990234775262238,0.5338794778920395,0.10136896399833598
uniform_low,kelley_bounded,1,128.22120225085897,5.407888229158201,0.18992887499916833,True,10,10,9,20,100,0.9,10,0,0.3509584750595518,0.6990234775262238,0.5338794778920395,0.10136896399833598
uniform_low,kelley_bounded,2,128.22120225085897,5.407888229158201,0.19606640699930722,True,10,10,9,20,100,0.9,10,0,0.3509584750595518,0.6990234775262238,0.5338794778920395,0.10136896399833598
uniform_low,kelley_bounded,4,139.41588146984805,5.657492728307543,0.13616272499893967,True,10,10,9,20,100,0.9,10,0,0.3509584750595518,0.6990234775262238,0.5338794778920395,0.10136896399833598
uniform_low,kelley_bounded,8,142.40967150514584,5.772694489592832,0.1501764219992765,True,10,10,9,20,100,0.9,10,0,0.3509584750595518,0.6990234775262238,0.5338794778920395,0.10136896399833598
uniform_low,kelley_bounded,16,142.40967150514584,5.772694489592832,0.19288111399873742,True,10,10,9,20,100,0.9,10,0,0.3509584750595518,0.6990234775262238,0.5338794778920395,0.10136896399833598
uniform_low,kelley_bounded,32,142.40967150514584,5.772694489592832,0.28419568100071047,True,10,10,9,20,100,0.9,10,0,0.3509584750595518,0.6990234775262238,0.5338794778920395,0.10136896399833598
uniform_low,kelley_bounded,64,142.40967150514584,5.772694489592832,0.4803105040009541,True,10,10,9,20,100,0.9,10,0,0.3509584750595518,0.6990234775262238,0.5338794778920395,0.10136896399833598
uniform_low,kelley_bounded,128,145.64040391499753,6.463597017346403,0.829687241001011,True,10,10,9,20,100,0.9,10,0,0.3509584750595518,0.6990234775262238,0.5338794778920395,0.10136896399833598
uniform_low,trust_region_kelley,1,128.22120225085897,5.407888229158201,0.18943985900114058,True,10,10,9,20,100,0.9,10,0,0.3509584750595518,0.6990234775262238,0.5338794778920395,0.10136896399833598
uniform_low,trust_region_kelley,2,128.22120225085897,5.407888229158201,0.19514064400027564,True,10,10,9,20,100,0.9,10,0,0.3509584750595518,0.6990234775262238,0.5338794778920395,0.10136896399833598
uniform_low,trust_region_kelley,4,139.41588146984805,5.657492728307543,0.1339616280001792,True,10,10,9,20,100,0.9,10,0,0.3509584750595518,0.6990234775262238,0.5338794778920395,0.10136896399833598
uniform_low,trust_region_kelley,8,142.40967150514584,5.772694489592832,0.14697531199999503,True,10,10,9,20,100,0.9,10,0,0.3509584750595518,0.6990234775262238,0.5338794778920395,0.10136896399833598
uniform_low,trust_region_kelley,16,142.40967150514584,5.772694489592832,0.19683756099948369,True,10,10,9,20,100,0.9,10,0,0.3509584750595518,0.6990234775262238,0.5338794778920395,0.10136896399833598
uniform_low,trust_region_kelley,32,142.40967150514584,5.772694489592832,0.2787588390001474,True,10,10,9,20,100,0.9,10,0,0.3509584750595518,0.6990234775262238,0.5338794778920395,0.10136896399833598
uniform_low,trust_region_kelley,64,142.40967150514584,5.772694489592832,0.45343932199830306,True,10,10,9,20,100,0.9,10,0,0.3509584750595518,0.6990234775262238,0.5338794778920395,0.10136896399833598
uniform_low,trust_region_kelley,128,142.40967150514584,5.772694489592832,0.8177477329991234,True,10,10,9,20,100,0.9,10,0,0.3509584750595518,0.6990234775262238,0.5338794778920395,0.10136896399833598
uniform_low,proximal_bundle,1,128.22120225085897,5.407888229158201,0.18930228799945326,True,10,10,9,20,100,0.9,10,0,0.3509584750595518,0.6990234775262238,0.5338794778920395,0.10136896399833598
uniform_low,proximal_bundle,2,128.22120225085897,5.407888229158201,0.1984830729998066,True,10,10,9,20,100,0.9,10,0,0.3509584750595518,0.6990234775262238,0.5338794778920395,0.10136896399833598
uniform_low,proximal_bundle,4,128.22120225085897,5.407888229158201,0.20657879799910006,True,10,10,9,20,100,0.9,10,0,0.3509584750595518,0.6990234775262238,0.5338794778920395,0.10136896399833598
uniform_low,proximal_bundle,8,128.22120225085897,5.407888229158201,0.23668110499966133,True,10,10,9,20,100,0.9,10,0,0.3509584750595518,0.6990234775262238,0.5338794778920395,0.10136896399833598
uniform_low,proximal_bundle,16,128.22120225085897,5.407888229158201,0.2782317349992809,True,10,10,9,20,100,0.9,10,0,0.3509584750595518,0.6990234775262238,0.5338794778920395,0.10136896399833598
uniform_low,proximal_bundle,32,128.22120225085897,5.407888229158201,0.3697973259986611,True,10,10,9,20,100,0.9,10,0,0.3509584750595518,0.6990234775262238,0.5338794778920395,0.10136896399833598
uniform_low,proximal_bundle,64,128.22120225085897,5.407888229158201,0.5607115570001042,True,10,10,9,20,100,0.9,10,0,0.3509584750595518,0.6990234775262238,0.5338794778920395,0.10136896399833598
uniform_low,proximal_bundle,128,128.22120225085897,5.407888229158201,0.9326044240006013,True,10,10,9,20,100,0.9,10,0,0.3509584750595518,0.6990234775262238,0.5338794778920395,0.10136896399833598
bimodal_extreme,harmonic,1,149.12773120673842,26.28730356651327,0.15640687400082243,True,10,10,9,20,100,0.9,10,0,0.20278675120072276,0.9863295188176229,0.7414569287665936,0.3045812255588744
bimodal_extreme,harmonic,2,146.06661977295752,26.207574132344792,0.15298289299971657,True,10,10,9,20,100,0.9,10,0,0.20278675120072276,0.9863295188176229,0.7414569287665936,0.3045812255588744
bimodal_extreme,harmonic,4,148.1681178515322,25.91132065239304,0.1583809839994501,True,10,10,9,20,100,0.9,10,0,0.20278675120072276,0.9863295188176229,0.7414569287665936,0.3045812255588744
bimodal_extreme,harmonic,8,146.40848947893807,25.828266652169948,0.16931486800058337,True,10,10,9,20,100,0.9,10,0,0.20278675120072276,0.9863295188176229,0.7414569287665936,0.3045812255588744
bimodal_extreme,harmonic,16,145.53877884255735,25.568107105552414,0.1887657200004469,True,10,10,9,20,100,0.9,10,0,0.20278675120072276,0.9863295188176229,0.7414569287665936,0.3045812255588744
bimodal_extreme,harmonic,32,140.00196693698553,26.76216280228947,0.22686818900001526,True,10,10,9,20,100,0.9,10,0,0.20278675120072276,0.9863295188176229,0.7414569287665936,0.3045812255588744
bimodal_extreme,harmonic,64,139.25072742770544,26.589223756590915,0.3127593410008558,True,10,10,9,20,100,0.9,10,0,0.20278675120072276,0.9863295188176229,0.7414569287665936,0.3045812255588744
bimodal_extreme,harmonic,128,142.55648218557658,27.588834593083806,0.4729290270006459,True,10,10,9,20,100,0.9,10,0,0.20278675120072276,0.9863295188176229,0.7414569287665936,0.3045812255588744
bimodal_extreme,sqrt,1,149.12773120673842,26.28730356651327,0.1537235010000586,True,10,10,9,20,100,0.9,10,0,0.20278675120072276,0.9863295188176229,0.7414569287665936,0.3045812255588744
bimodal_extreme,sqrt,2,147.85556610851063,26.199559059066274,0.15498073200069484,True,10,10,9,20,100,0.9,10,0,0.20278675120072276,0.9863295188176229,0.7414569287665936,0.3045812255588744
bimodal_extreme,sqrt,4,143.75118171442884,26.231880773120977,0.15956228700088104,True,10,10,9,20,100,0.9,10,0,0.20278675120072276,0.9863295188176229,0.7414569287665936,0.3045812255588744
bimodal_extreme,sqrt,8,143.79501733462308,26.39630248936571,0.16682654899886984,True,10,10,9,20,100,0.9,10,0,0.20278675120072276,0.9863295188176229,0.7414569287665936,0.3045812255588744
bimodal_extreme,sqrt,16,143.11735893725773,27.09481048867606,0.18527240799994615,True,10,10,9,20,100,0.9,10,0,0.20278675120072276,0.9863295188176229,0.7414569287665936,0.3045812255588744
bimodal_extreme,sqrt,32,138.54802378457958,27.085164454171444,0.22414298599869653,True,10,10,9,20,100,0.9,10,0,0.20278675120072276,0.9863295188176229,0.7414569287665936,0.3045812255588744
bimodal_extreme,sqrt,64,146.06155231150495,26.887370275830534,0.3057606649999798,True,10,10,9,20,100,0.9,10,0,0.20278675120072276,0.9863295188176229,0.7414569287665936,0.3045812255588744
bimodal_extreme,sqrt,128,137.5146460767808,27.589610842467916,0.4638336000007257,True,10,10,9,20,100,0.9,10,0,0.20278675120072276,0.9863295188176229,0.7414569287665936,0.3045812255588744
bimodal_extreme,normalized_global,1,142.3238240870211,27.36284817756598,0.17241358000137552,True,10,10,9,20,100,0.9,10,0,0.20278675120072276,0.9863295188176229,0.7414569287665936,0.3045812255588744
bimodal_extreme,normalized_global,2,142.3238240870211,27.36284817756598,0.17236723099995288,True,10,10,9,20,100,0.9,10,0,0.20278675120072276,0.9863295188176229,0.7414569287665936,0.3045812255588744
bimodal_extreme,normalized_global,4,142.3238240870211,27.36284817756598,0.1791486870006338,True,10,10,9,20,100,0.9,10,0,0.20278675120072276,0.9863295188176229,0.7414569287665936,0.3045812255588744
bimodal_extreme,normalized_global,8,142.30610323322747,27.371293025915396,0.18889995499921497,True,10,10,9,20,100,0.9,10,0,0.20278675120072276,0.9863295188176229,0.7414569287665936,0.3045812255588744
bimodal_extreme,normalized_global,16,142.44498468172395,27.306952628448837,0.2205294759987737,True,10,10,9,20,100,0.9,10,0,0.20278675120072276,0.9863295188176229,0.7414569287665936,0.3045812255588744
bimodal_extreme,normalized_global,32,142.25645473658193,27.090207474317143,0.2640085809998709,True,10,10,9,20,100,0.9,10,0,0.20278675120072276,0.9863295188176229,0.7414569287665936,0.3045812255588744
bimodal_extreme,normalized_global,64,141.76590689151385,27.32847340553825,0.34909240900014993,True,10,10,9,20,100,0.9,10,0,0.20278675120072276,0.9863295188176229,0.7414569287665936,0.3045812255588744
bimodal_extreme,normalized_global,128,141.69344531015082,27.446250874585527,0.5209842919994117,True,10,10,9,20,100,0.9,10,0,0.20278675120072276,0.9863295188176229,0.7414569287665936,0.3045812255588744
bimodal_extreme,normalized_blocks,1,142.3238240870211,27.36284817756598,0.1883517969999957,True,10,10,9,20,100,0.9,10,0,0.20278675120072276,0.9863295188176229,0.7414569287665936,0.3045812255588744
bimodal_extreme,normalized_blocks,2,142.3238240870211,27.36284817756598,0.18930422899939003,True,10,10,9,20,100,0.9,10,0,0.20278675120072276,0.9863295188176229,0.7414569287665936,0.3045812255588744
bimodal_extreme,normalized_blocks,4,142.30610323322747,27.371293025915396,0.19467225399966992,True,10,10,9,20,100,0.9,10,0,0.20278675120072276,0.9863295188176229,0.7414569287665936,0.3045812255588744
bimodal_extreme,normalized_blocks,8,142.30473168940708,27.30876821122418,0.20462162100011483,True,10,10,9,20,100,0.9,10,0,0.20278675120072276,0.9863295188176229,0.7414569287665936,0.3045812255588744
bimodal_extreme,normalized_blocks,16,142.50007303243467,27.25637260251444,0.22548530300082348,True,10,10,9,20,100,0.9,10,0,0.20278675120072276,0.9863295188176229,0.7414569287665936,0.3045812255588744
bimodal_extreme,normalized_blocks,32,142.14546451527505,27.31577945598087,0.26561086000037903,True,10,10,9,20,100,0.9,10,0,0.20278675120072276,0.9863295188176229,0.7414569287665936,0.3045812255588744
bimodal_extreme,normalized_blocks,64,141.5032187652567,27.15266505126756,0.3519973309994384,True,10,10,9,20,100,0.9,10,0,0.20278675120072276,0.9863295188176229,0.7414569287665936,0.3045812255588744
bimodal_extreme,normalized_blocks,128,141.37351366992817,27.153011090473186,0.5200026000002254,True,10,10,9,20,100,0.9,10,0,0.20278675120072276,0.9863295188176229,0.7414569287665936,0.3045812255588744
bimodal_extreme,adagrad,1,141.90953052869935,27.2404061032025,0.179472853000334,True,10,10,9,20,100,0.9,10,0,0.20278675120072276,0.9863295188176229,0.7414569287665936,0.3045812255588744
bimodal_extreme,adagrad,2,141.9014325559238,27.310936024119083,0.1746337369986577,True,10,10,9,20,100,0.9,10,0,0.20278675120072276,0.9863295188176229,0.7414569287665936,0.3045812255588744
bimodal_extreme,adagrad,4,141.9801369906066,27.226328761058227,0.1770648630008509,True,10,10,9,20,100,0.9,10,0,0.20278675120072276,0.9863295188176229,0.7414569287665936,0.3045812255588744
bimodal_extreme,adagrad,8,141.29169582206265,26.73304490091687,0.1854576290006662,True,10,10,9,20,100,0.9,10,0,0.20278675120072276,0.9863295188176229,0.7414569287665936,0.3045812255588744
bimodal_extreme,adagrad,16,140.86939450282605,26.697159174617486,0.20001013199907902,True,10,10,9,20,100,0.9,10,0,0.20278675120072276,0.9863295188176229,0.7414569287665936,0.3045812255588744
bimodal_extreme,adagrad,32,140.89515580010033,27.010224900203422,0.23927481999999145,True,10,10,9,20,100,0.9,10,0,0.20278675120072276,0.9863295188176229,0.7414569287665936,0.3045812255588744
bimodal_extreme,adagrad,64,142.26828544711145,27.500405957511234,0.31412803099919984,True,10,10,9,20,100,0.9,10,0,0.20278675120072276,0.9863295188176229,0.7414569287665936,0.3045812255588744
bimodal_extreme,adagrad,128,143.66889888757134,27.62119473212587,0.4806177900009061,True,10,10,9,20,100,0.9,10,0,0.20278675120072276,0.9863295188176229,0.7414569287665936,0.3045812255588744
bimodal_extreme,rmsprop,1,141.6525952892543,27.38118530646551,0.16452087899961043,True,10,10,9,20,100,0.9,10,0,0.20278675120072276,0.9863295188176229,0.7414569287665936,0.3045812255588744
bimodal_extreme,rmsprop,2,141.27297945077765,27.138280457059164,0.16291709799952514,True,10,10,9,20,100,0.9,10,0,0.20278675120072276,0.9863295188176229,0.7414569287665936,0.3045812255588744
bimodal_extreme,rmsprop,4,142.14072443728386,27.19027546729307,0.1644988630014268,True,10,10,9,20,100,0.9,10,0,0.20278675120072276,0.9863295188176229,0.7414569287665936,0.3045812255588744
bimodal_extreme,rmsprop,8,142.27890389191526,26.958365103157323,0.17512884300049336,True,10,10,9,20,100,0.9,10,0,0.20278675120072276,0.9863295188176229,0.7414569287665936,0.3045812255588744
bimodal_extreme,rmsprop,16,142.61594707582898,26.331733473728793,0.19004398800097988,True,10,10,9,20,100,0.9,10,0,0.20278675120072276,0.9863295188176229,0.7414569287665936,0.3045812255588744
bimodal_extreme,rmsprop,32,139.8951346623744,27.28031661520317,0.2206167849999474,True,10,10,9,20,100,0.9,10,0,0.20278675120072276,0.9863295188176229,0.7414569287665936,0.3045812255588744
bimodal_extreme,rmsprop,64,136.90938179642242,27.126571664903683,0.2897160979991895,True,10,10,9,20,100,0.9,10,0,0.20278675120072276,0.9863295188176229,0.7414569287665936,0.3045812255588744
bimodal_extreme,rmsprop,128,141.4292291104565,27.197838124806704,0.4410488699995767,True,10,10,9,20,100,0.9,10,0,0.20278675120072276,0.9863295188176229,0.7414569287665936,0.3045812255588744
bimodal_extreme,adam,1,141.90953052869935,27.2404061032025,0.17819329899975855,True,10,10,9,20,100,0.9,10,0,0.20278675120072276,0.9863295188176229,0.7414569287665936,0.3045812255588744
bimodal_extreme,adam,2,141.4807806796305,27.149042274557008,0.17308587200022885,True,10,10,9,20,100,0.9,10,0,0.20278675120072276,0.9863295188176229,0.7414569287665936,0.3045812255588744
bimodal_extreme,adam,4,141.28963637015227,27.002753279640817,0.17480440599865688,True,10,10,9,20,100,0.9,10,0,0.20278675120072276,0.9863295188176229,0.7414569287665936,0.3045812255588744
bimodal_extreme,adam,8,143.51590200625688,27.183037778719765,0.17662433100122144,True,10,10,9,20,100,0.9,10,0,0.20278675120072276,0.9863295188176229,0.7414569287665936,0.3045812255588744
bimodal_extreme,adam,16,141.18591535215992,26.70694315070833,0.18747393900048337,True,10,10,9,20,100,0.9,10,0,0.20278675120072276,0.9863295188176229,0.7414569287665936,0.3045812255588744
bimodal_extreme,adam,32,139.47244823964664,26.341843773661665,0.2131964540003537,True,10,10,9,20,100,0.9,10,0,0.20278675120072276,0.9863295188176229,0.7414569287665936,0.3045812255588744
bimodal_extreme,adam,64,140.64978963729558,26.64281259170488,0.2894590309988416,True,10,10,9,20,100,0.9,10,0,0.20278675120072276,0.9863295188176229,0.7414569287665936,0.3045812255588744
bimodal_extreme,adam,128,138.01846580141742,26.749892877801475,0.4468635760003963,True,10,10,9,20,100,0.9,10,0,0.20278675120072276,0.9863295188176229,0.7414569287665936,0.3045812255588744
bimodal_extreme,deflected_sqrt,1,145.09801887345128,26.659932893303687,0.17586175399992499,True,10,10,9,20,100,0.9,10,0,0.20278675120072276,0.9863295188176229,0.7414569287665936,0.3045812255588744
bimodal_extreme,deflected_sqrt,2,150.1965011796496,25.227678123471392,0.1727493990001676,True,10,10,9,20,100,0.9,10,0,0.20278675120072276,0.9863295188176229,0.7414569287665936,0.3045812255588744
bimodal_extreme,deflected_sqrt,4,146.91510643291662,26.139519547766454,0.18039348899947072,True,10,10,9,20,100,0.9,10,0,0.20278675120072276,0.9863295188176229,0.7414569287665936,0.3045812255588744
bimodal_extreme,deflected_sqrt,8,143.3754935912062,27.15302953371065,0.19379393099916342,True,10,10,9,20,100,0.9,10,0,0.20278675120072276,0.9863295188176229,0.7414569287665936,0.3045812255588744
bimodal_extreme,deflected_sqrt,16,144.39013923473016,26.519273578356035,0.20757698600027652,True,10,10,9,20,100,0.9,10,0,0.20278675120072276,0.9863295188176229,0.7414569287665936,0.3045812255588744
bimodal_extreme,deflected_sqrt,32,138.18435663922463,26.677561648289938,0.2464335540007596,True,10,10,9,20,100,0.9,10,0,0.20278675120072276,0.9863295188176229,0.7414569287665936,0.3045812255588744
bimodal_extreme,deflected_sqrt,64,137.04719822760006,26.761121908520547,0.3341302310000174,True,10,10,9,20,100,0.9,10,0,0.20278675120072276,0.9863295188176229,0.7414569287665936,0.3045812255588744
bimodal_extreme,deflected_sqrt,128,137.69871436381885,27.059126741947814,0.5138131860003341,True,10,10,9,20,100,0.9,10,0,0.20278675120072276,0.9863295188176229,0.7414569287665936,0.3045812255588744
bimodal_extreme,episode1_mstep,1,184.4567029141122,31.35851480606849,0.14799529599986272,True,10,10,9,20,100,0.9,10,0,0.20278675120072276,0.9863295188176229,0.7414569287665936,0.3045812255588744
bimodal_extreme,episode1_mstep,2,177.29181112710972,29.530974245369723,0.15377021099993726,True,10,10,9,20,100,0.9,10,0,0.20278675120072276,0.9863295188176229,0.7414569287665936,0.3045812255588744
bimodal_extreme,episode1_mstep,4,173.88704312711613,30.795297852030092,0.16586447000008775,True,10,10,9,20,100,0.9,10,0,0.20278675120072276,0.9863295188176229,0.7414569287665936,0.3045812255588744
bimodal_extreme,episode1_mstep,8,162.91826574759241,32.93383007360465,0.18083596100041177,True,10,10,9,20,100,0.9,10,0,0.20278675120072276,0.9863295188176229,0.7414569287665936,0.3045812255588744
bimodal_extreme,episode1_mstep,16,155.73792079550822,33.146583896611446,0.21352683499935665,True,10,10,9,20,100,0.9,10,0,0.20278675120072276,0.9863295188176229,0.7414569287665936,0.3045812255588744
bimodal_extreme,episode1_mstep,32,143.91361090788553,25.692271892080957,0.29104077400006645,True,10,10,9,20,100,0.9,10,0,0.20278675120072276,0.9863295188176229,0.7414569287665936,0.3045812255588744
bimodal_extreme,episode1_mstep,64,141.210381976875,26.626325919821063,0.4278246070007299,True,10,10,9,20,100,0.9,10,0,0.20278675120072276,0.9863295188176229,0.7414569287665936,0.3045812255588744
bimodal_extreme,episode1_mstep,128,139.90794350493212,27.895129709096594,0.7138446699991619,True,10,10,9,20,100,0.9,10,0,0.20278675120072276,0.9863295188176229,0.7414569287665936,0.3045812255588744
bimodal_extreme,kelley_bounded,1,142.3238240870211,27.36284817756598,0.18686285799958569,True,10,10,9,20,100,0.9,10,0,0.20278675120072276,0.9863295188176229,0.7414569287665936,0.3045812255588744
bimodal_extreme,kelley_bounded,2,142.3238240870211,27.36284817756598,0.19144373900053324,True,10,10,9,20,100,0.9,10,0,0.20278675120072276,0.9863295188176229,0.7414569287665936,0.3045812255588744
bimodal_extreme,kelley_bounded,4,142.22627741574243,26.416468456283095,0.12158333899969875,True,10,10,9,20,100,0.9,10,0,0.20278675120072276,0.9863295188176229,0.7414569287665936,0.3045812255588744
bimodal_extreme,kelley_bounded,8,142.22627741574243,26.416468456283095,0.14722328199968615,True,10,10,9,20,100,0.9,10,0,0.20278675120072276,0.9863295188176229,0.7414569287665936,0.3045812255588744
bimodal_extreme,kelley_bounded,16,142.22627741574243,26.416468456283095,0.19160123599976941,True,10,10,9,20,100,0.9,10,0,0.20278675120072276,0.9863295188176229,0.7414569287665936,0.3045812255588744
bimodal_extreme,kelley_bounded,32,142.22627741574243,26.416468456283095,0.2844913019998785,True,10,10,9,20,100,0.9,10,0,0.20278675120072276,0.9863295188176229,0.7414569287665936,0.3045812255588744
bimodal_extreme,kelley_bounded,64,142.22627741574243,26.416468456283095,0.45541410700025153,True,10,10,9,20,100,0.9,10,0,0.20278675120072276,0.9863295188176229,0.7414569287665936,0.3045812255588744
bimodal_extreme,kelley_bounded,128,142.22627741574243,26.416468456283095,0.8107093170001463,True,10,10,9,20,100,0.9,10,0,0.20278675120072276,0.9863295188176229,0.7414569287665936,0.3045812255588744
bimodal_extreme,trust_region_kelley,1,142.3238240870211,27.36284817756598,0.19062422699971648,True,10,10,9,20,100,0.9,10,0,0.20278675120072276,0.9863295188176229,0.7414569287665936,0.3045812255588744
bimodal_extreme,trust_region_kelley,2,142.3238240870211,27.36284817756598,0.1914141010001913,True,10,10,9,20,100,0.9,10,0,0.20278675120072276,0.9863295188176229,0.7414569287665936,0.3045812255588744
bimodal_extreme,trust_region_kelley,4,142.22627741574243,26.416468456283095,0.12455156599935435,True,10,10,9,20,100,0.9,10,0,0.20278675120072276,0.9863295188176229,0.7414569287665936,0.3045812255588744
bimodal_extreme,trust_region_kelley,8,142.22627741574243,26.416468456283095,0.1474721380000119,True,10,10,9,20,100,0.9,10,0,0.20278675120072276,0.9863295188176229,0.7414569287665936,0.3045812255588744
bimodal_extreme,trust_region_kelley,16,142.22627741574243,26.416468456283095,0.1836956179995468,True,10,10,9,20,100,0.9,10,0,0.20278675120072276,0.9863295188176229,0.7414569287665936,0.3045812255588744
bimodal_extreme,trust_region_kelley,32,142.06923965079434,26.7108135398144,0.2613984479994542,True,10,10,9,20,100,0.9,10,0,0.20278675120072276,0.9863295188176229,0.7414569287665936,0.3045812255588744
bimodal_extreme,trust_region_kelley,64,142.06923965079434,26.7108135398144,0.44047580900041794,True,10,10,9,20,100,0.9,10,0,0.20278675120072276,0.9863295188176229,0.7414569287665936,0.3045812255588744
bimodal_extreme,trust_region_kelley,128,142.06923965079434,26.7108135398144,0.8041707500015036,True,10,10,9,20,100,0.9,10,0,0.20278675120072276,0.9863295188176229,0.7414569287665936,0.3045812255588744
bimodal_extreme,proximal_bundle,1,142.3238240870211,27.36284817756598,0.19099713699870335,True,10,10,9,20,100,0.9,10,0,0.20278675120072276,0.9863295188176229,0.7414569287665936,0.3045812255588744
bimodal_extreme,proximal_bundle,2,142.3238240870211,27.36284817756598,0.1979153120009869,True,10,10,9,20,100,0.9,10,0,0.20278675120072276,0.9863295188176229,0.7414569287665936,0.3045812255588744
bimodal_extreme,proximal_bundle,4,142.3238240870211,27.36284817756598,0.2079662220003229,True,10,10,9,20,100,0.9,10,0,0.20278675120072276,0.9863295188176229,0.7414569287665936,0.3045812255588744
bimodal_extreme,proximal_bundle,8,142.3238240870211,27.36284817756598,0.23087454800042906,True,10,10,9,20,100,0.9,10,0,0.20278675120072276,0.9863295188176229,0.7414569287665936,0.3045812255588744
bimodal_extreme,proximal_bundle,16,142.3238240870211,27.36284817756598,0.2734626040000876,True,10,10,9,20,100,0.9,10,0,0.20278675120072276,0.9863295188176229,0.7414569287665936,0.3045812255588744
bimodal_extreme,proximal_bundle,32,142.3238240870211,27.36284817756598,0.37843737899856933,True,10,10,9,20,100,0.9,10,0,0.20278675120072276,0.9863295188176229,0.7414569287665936,0.3045812255588744
bimodal_extreme,proximal_bundle,64,142.3238240870211,27.36284817756598,0.5615736600011587,True,10,10,9,20,100,0.9,10,0,0.20278675120072276,0.9863295188176229,0.7414569287665936,0.3045812255588744
bimodal_extreme,proximal_bundle,128,142.3238240870211,27.36284817756598,0.8996157580004365,True,10,10,9,20,100,0.9,10,0,0.20278675120072276,0.9863295188176229,0.7414569287665936,0.3045812255588744
