profile,N,policy,mean_error,std_error,weights_mode,seed,titer,mc_trials,subgradient_method,q_min,q_max,q_mean,q_std
uniform_wide,2,MGF,18.03908464412651,0.1574192681254226,deterministic,0,1000,10,adam,0.35172525510719327,0.9782422595472029,0.6881095739294153,0.18952605248324084
uniform_wide,2,MAF,19.452436443027395,0.02397995992133802,deterministic,0,1000,10,adam,0.35172525510719327,0.9782422595472029,0.6881095739294153,0.18952605248324084
uniform_wide,2,MIEF,18.03908464412651,0.1574192681254226,deterministic,0,1000,10,adam,0.35172525510719327,0.9782422595472029,0.6881095739294153,0.18952605248324084
uniform_wide,2,Random,19.582972242048463,0.1357850890368098,deterministic,0,1000,10,adam,0.35172525510719327,0.9782422595472029,0.6881095739294153,0.18952605248324084
uniform_wide,4,MGF,18.03851838506625,0.15741425466273792,deterministic,0,1000,10,adam,0.35172525510719327,0.9782422595472029,0.6881095739294153,0.18952605248324084
uniform_wide,4,MAF,19.27054179894106,0.04188524603022188,deterministic,0,1000,10,adam,0.35172525510719327,0.9782422595472029,0.6881095739294153,0.18952605248324084
uniform_wide,4,MIEF,18.003722361054315,0.15760309909281417,deterministic,0,1000,10,adam,0.35172525510719327,0.9782422595472029,0.6881095739294153,0.18952605248324084
uniform_wide,4,Random,19.421244532663923,0.1955035413772482,deterministic,0,1000,10,adam,0.35172525510719327,0.9782422595472029,0.6881095739294153,0.18952605248324084
uniform_wide,6,MGF,18.02778046827253,0.15768548701860616,deterministic,0,1000,10,adam,0.35172525510719327,0.9782422595472029,0.6881095739294153,0.18952605248324084
uniform_wide,6,MAF,19.061642797621932,0.031391072168893766,deterministic,0,1000,10,adam,0.35172525510719327,0.9782422595472029,0.6881095739294153,0.18952605248324084
uniform_wide,6,MIEF,17.98426596299427,0.15797167357656625,deterministic,0,1000,10,adam,0.35172525510719327,0.9782422595472029,0.6881095739294153,0.18952605248324084
uniform_wide,6,Random,19.23606954743324,0.17068196393724924,deterministic,0,1000,10,adam,0.35172525510719327,0.9782422595472029,0.6881095739294153,0.18952605248324084
uniform_wide,8,MGF,18.01201780459497,0.1566211716249849,deterministic,0,1000,10,adam,0.35172525510719327,0.9782422595472029,0.6881095739294153,0.18952605248324084
uniform_wide,8,MAF,18.894133249105757,0.05802373500511829,deterministic,0,1000,10,adam,0.35172525510719327,0.9782422595472029,0.6881095739294153,0.18952605248324084
uniform_wide,8,MIEF,17.958679848401324,0.157786783955888,deterministic,0,1000,10,adam,0.35172525510719327,0.9782422595472029,0.6881095739294153,0.18952605248324084
uniform_wide,8,Random,19.118867024682817,0.1490259234118809,deterministic,0,1000,10,adam,0.35172525510719327,0.9782422595472029,0.6881095739294153,0.18952605248324084
uniform_wide,10,MGF,17.99836158403418,0.15628438121650615,deterministic,0,1000,10,adam,0.35172525510719327,0.9782422595472029,0.6881095739294153,0.18952605248324084
uniform_wide,10,MAF,18.779144353285623,0.07435525520643492,deterministic,0,1000,10,adam,0.35172525510719327,0.9782422595472029,0.6881095739294153,0.18952605248324084
uniform_wide,10,MIEF,17.934415448182616,0.1576067830605854,deterministic,0,1000,10,adam,0.35172525510719327,0.9782422595472029,0.6881095739294153,0.18952605248324084
uniform_wide,10,Random,18.957666313521425,0.18767837330443485,deterministic,0,1000,10,adam,0.35172525510719327,0.9782422595472029,0.6881095739294153,0.18952605248324084
uniform_wide,12,MGF,17.955177689631363,0.15784411609626697,deterministic,0,1000,10,adam,0.35172525510719327,0.9782422595472029,0.6881095739294153,0.18952605248324084
uniform_wide,12,MAF,18.62720452975728,0.0631575638014099,deterministic,0,1000,10,adam,0.35172525510719327,0.9782422595472029,0.6881095739294153,0.18952605248324084
uniform_wide,12,MIEF,17.917987135598057,0.15779803604952902,deterministic,0,1000,10,adam,0.35172525510719327,0.9782422595472029,0.6881095739294153,0.18952605248324084
uniform_wide,12,Random,18.820231748962136,0.20339113308659332,deterministic,0,1000,10,adam,0.35172525510719327,0.9782422595472029,0.6881095739294153,0.18952605248324084
uniform_wide,14,MGF,17.938785222337042,0.15517366089088175,deterministic,0,1000,10,adam,0.35172525510719327,0.9782422595472029,0.6881095739294153,0.18952605248324084
uniform_wide,14,MAF,18.506426395148434,0.07388119933140293,deterministic,0,1000,10,adam,0.35172525510719327,0.9782422595472029,0.6881095739294153,0.18952605248324084
uniform_wide,14,MIEF,17.897196565273017,0.15750380979754228,deterministic,0,1000,10,adam,0.35172525510719327,0.9782422595472029,0.6881095739294153,0.18952605248324084
uniform_wide,14,Random,18.733615325943067,0.21110179128954845,deterministic,0,1000,10,adam,0.35172525510719327,0.9782422595472029,0.6881095739294153,0.18952605248324084
uniform_wide,16,MGF,17.932094991656985,0.1578625701185832,deterministic,0,1000,10,adam,0.35172525510719327,0.9782422595472029,0.6881095739294153,0.18952605248324084
uniform_wide,16,MAF,18.45017542581533,0.06960438291860208,deterministic,0,1000,10,adam,0.35172525510719327,0.9782422595472029,0.6881095739294153,0.18952605248324084
uniform_wide,16,MIEF,17.879766117869444,0.158088143637204,deterministic,0,1000,10,adam,0.35172525510719327,0.9782422595472029,0.6881095739294153,0.18952605248324084
uniform_wide,16,Random,18.647296154667416,0.18357619548107665,deterministic,0,1000,10,adam,0.35172525510719327,0.9782422595472029,0.6881095739294153,0.18952605248324084
uniform_wide,18,MGF,17.871746624169543,0.15611938441459042,deterministic,0,1000,10,adam,0.35172525510719327,0.9782422595472029,0.6881095739294153,0.18952605248324084
uniform_wide,18,MAF,18.36060520149919,0.10330250587924922,deterministic,0,1000,10,adam,0.35172525510719327,0.9782422595472029,0.6881095739294153,0.18952605248324084
uniform_wide,18,MIEF,17.860098607822998,0.1582193871451826,deterministic,0,1000,10,adam,0.35172525510719327,0.9782422595472029,0.6881095739294153,0.18952605248324084
uniform_wide,18,Random,18.58758078935984,0.19761296763450875,deterministic,0,1000,10,adam,0.35172525510719327,0.9782422595472029,0.6881095739294153,0.18952605248324084
uniform_wide,20,MGF,17.870428740388483,0.15514667282722544,deterministic,0,1000,10,adam,0.35172525510719327,0.9782422595472029,0.6881095739294153,0.18952605248324084
uniform_wide,20,MAF,18.261856003921523,0.10303772886900395,deterministic,0,1000,10,adam,0.35172525510719327,0.9782422595472029,0.6881095739294153,0.18952605248324084
uniform_wide,20,MIEF,17.839504935564236,0.15890868458551627,deterministic,0,1000,10,adam,0.35172525510719327,0.9782422595472029,0.6881095739294153,0.18952605248324084
uniform_wide,20,Random,18.52411507719314,0.21038605305857222,deterministic,0,1000,10,adam,0.35172525510719327,0.9782422595472029,0.6881095739294153,0.18952605248324084
uniform_low,2,MGF,18.23243802143964,0.15404503949027037,deterministic,0,1000,10,adam,0.3509584750595518,0.6990234775262238,0.5378386521830085,0.10529225137957825
uniform_low,2,MAF,19.512744428855964,0.044849336822726946,deterministic,0,1000,10,adam,0.3509584750595518,0.6990234775262238,0.5378386521830085,0.10529225137957825
uniform_low,2,MIEF,18.23243802143964,0.15404503949027037,deterministic,0,1000,10,adam,0.3509584750595518,0.6990234775262238,0.5378386521830085,0.10529225137957825
uniform_low,2,Random,19.61517546597704,0.14934191156074722,deterministic,0,1000,10,adam,0.3509584750595518,0.6990234775262238,0.5378386521830085,0.10529225137957825
uniform_low,4,MGF,18.23231605754492,0.1540405529265564,deterministic,0,1000,10,adam,0.3509584750595518,0.6990234775262238,0.5378386521830085,0.10529225137957825
uniform_low,4,MAF,19.358761693710708,0.03743887066100682,deterministic,0,1000,10,adam,0.3509584750595518,0.6990234775262238,0.5378386521830085,0.10529225137957825
uniform_low,4,MIEF,18.201179585948,0.15373013667266966,deterministic,0,1000,10,adam,0.3509584750595518,0.6990234775262238,0.5378386521830085,0.10529225137957825
uniform_low,4,Random,19.462472216131413,0.1904351300356773,deterministic,0,1000,10,adam,0.3509584750595518,0.6990234775262238,0.5378386521830085,0.10529225137957825
uniform_low,6,MGF,18.22545566621782,0.1537548480599646,deterministic,0,1000,10,adam,0.3509584750595518,0.6990234775262238,0.5378386521830085,0.10529225137957825
uniform_low,6,MAF,19.148662053137265,0.04638702734450283,deterministic,0,1000,10,adam,0.3509584750595518,0.6990234775262238,0.5378386521830085,0.10529225137957825
uniform_low,6,MIEF,18.18079393348463,0.15390098989071013,deterministic,0,1000,10,adam,0.3509584750595518,0.6990234775262238,0.5378386521830085,0.10529225137957825
uniform_low,6,Random,19.31059240833763,0.17654522016283494,deterministic,0,1000,10,adam,0.3509584750595518,0.6990234775262238,0.5378386521830085,0.10529225137957825
uniform_low,8,MGF,18.21274520302056,0.1532544330201866,deterministic,0,1000,10,adam,0.3509584750595518,0.6990234775262238,0.5378386521830085,0.10529225137957825
uniform_low,8,MAF,19.018249552097192,0.04694893355072301,deterministic,0,1000,10,adam,0.3509584750595518,0.6990234775262238,0.5378386521830085,0.10529225137957825
uniform_low,8,MIEF,18.162023386667318,0.15343338456254124,deterministic,0,1000,10,adam,0.3509584750595518,0.6990234775262238,0.5378386521830085,0.10529225137957825
uniform_low,8,Random,19.20304205547358,0.15880280711373143,deterministic,0,1000,10,adam,0.3509584750595518,0.6990234775262238,0.5378386521830085,0.10529225137957825
uniform_low,10,MGF,18.204136806484172,0.1536600968451978,deterministic,0,1000,10,adam,0.3509584750595518,0.6990234775262238,0.5378386521830085,0.10529225137957825
uniform_low,10,MAF,18.88513122604772,0.07909042222068687,deterministic,0,1000,10,adam,0.3509584750595518,0.6990234775262238,0.5378386521830085,0.10529225137957825
uniform_low,10,MIEF,18.141621829098977,0.15446067115390608,deterministic,0,1000,10,adam,0.3509584750595518,0.6990234775262238,0.5378386521830085,0.10529225137957825
uniform_low,10,Random,19.035511444688407,0.20549539691459962,deterministic,0,1000,10,adam,0.3509584750595518,0.6990234775262238,0.5378386521830085,0.10529225137957825
uniform_low,12,MGF,18.16366408583294,0.15543713323815722,deterministic,0,1000,10,adam,0.3509584750595518,0.6990234775262238,0.5378386521830085,0.10529225137957825
uniform_low,12,MAF,18.762961720166608,0.05406083720959963,deterministic,0,1000,10,adam,0.3509584750595518,0.6990234775262238,0.5378386521830085,0.10529225137957825
uniform_low,12,MIEF,18.127216275693108,0.15382922992330783,deterministic,0,1000,10,adam,0.3509584750595518,0.6990234775262238,0.5378386521830085,0.10529225137957825
uniform_low,12,Random,18.895630033055635,0.21149657896229568,deterministic,0,1000,10,adam,0.3509584750595518,0.6990234775262238,0.5378386521830085,0.10529225137957825
uniform_low,14,MGF,18.16484798832443,0.15618254035571186,deterministic,0,1000,10,adam,0.3509584750595518,0.6990234775262238,0.5378386521830085,0.10529225137957825
uniform_low,14,MAF,18.63955715709987,0.0598311626806998,deterministic,0,1000,10,adam,0.3509584750595518,0.6990234775262238,0.5378386521830085,0.10529225137957825
uniform_low,14,MIEF,18.112524522815697,0.15406539650834852,deterministic,0,1000,10,adam,0.3509584750595518,0.6990234775262238,0.5378386521830085,0.10529225137957825
uniform_low,14,Random,18.8163961332299,0.22324594102931336,deterministic,0,1000,10,adam,0.3509584750595518,0.6990234775262238,0.5378386521830085,0.10529225137957825
uniform_low,16,MGF,18.13078778733325,0.15163728425810205,deterministic,0,1000,10,adam,0.3509584750595518,0.6990234775262238,0.5378386521830085,0.10529225137957825
uniform_low,16,MAF,18.558531652053855,0.06431288544471303,deterministic,0,1000,10,adam,0.3509584750595518,0.6990234775262238,0.5378386521830085,0.10529225137957825
uniform_low,16,MIEF,18.093874927438733,0.15527448243044778,deterministic,0,1000,10,adam,0.3509584750595518,0.6990234775262238,0.5378386521830085,0.10529225137957825
uniform_low,16,Random,18.73776134554702,0.19146108349977145,deterministic,0,1000,10,adam,0.3509584750595518,0.6990234775262238,0.5378386521830085,0.10529225137957825
uniform_low,18,MGF,18.10804497952956,0.1524482662843175,deterministic,0,1000,10,adam,0.3509584750595518,0.6990234775262238,0.5378386521830085,0.10529225137957825
uniform_low,18,MAF,18.50228757799592,0.080304274702417,deterministic,0,1000,10,adam,0.3509584750595518,0.6990234775262238,0.5378386521830085,0.10529225137957825
uniform_low,18,MIEF,18.073527154342145,0.15307910446909756,deterministic,0,1000,10,adam,0.3509584750595518,0.6990234775262238,0.5378386521830085,0.10529225137957825
uniform_low,18,Random,18.695913321439953,0.1929521094047567,deterministic,0,1000,10,adam,0.3509584750595518,0.6990234775262238,0.5378386521830085,0.10529225137957825
uniform_low,20,MGF,18.135189824390512,0.15198009551499395,deterministic,0,1000,10,adam,0.3509584750595518,0.6990234775262238,0.5378386521830085,0.10529225137957825
uniform_low,20,MAF,18.440209382943234,0.1067437502817407,deterministic,0,1000,10,adam,0.3509584750595518,0.6990234775262238,0.5378386521830085,0.10529225137957825
uniform_low,20,MIEF,18.05736650939769,0.1543102921162224,deterministic,0,1000,10,adam,0.3509584750595518,0.6990234775262238,0.5378386521830085,0.10529225137957825
uniform_low,20,Random,18.63743863591946,0.21222256488073024,deterministic,0,1000,10,adam,0.3509584750595518,0.6990234775262238,0.5378386521830085,0.10529225137957825
uniform_mid,2,MGF,17.953478905568744,0.12531774925012273,deterministic,0,1000,10,adam,0.5508215500510445,0.8491629807367633,0.7110045590140073,0.09025050118249564
uniform_mid,2,MAF,19.449015811637416,0.027986700050058703,deterministic,0,1000,10,adam,0.5508215500510445,0.8491629807367633,0.7110045590140073,0.09025050118249564
uniform_mid,2,MIEF,17.953478905568744,0.12531774925012273,deterministic,0,1000,10,adam,0.5508215500510445,0.8491629807367633,0.7110045590140073,0.09025050118249564
uniform_mid,2,Random,19.58140789485997,0.13596712519669907,deterministic,0,1000,10,adam,0.5508215500510445,0.8491629807367633,0.7110045590140073,0.09025050118249564
uniform_mid,4,MGF,17.951442899770733,0.12542687266687327,deterministic,0,1000,10,adam,0.5508215500510445,0.8491629807367633,0.7110045590140073,0.09025050118249564
uniform_mid,4,MAF,19.240946655988868,0.030350687712074692,deterministic,0,1000,10,adam,0.5508215500510445,0.8491629807367633,0.7110045590140073,0.09025050118249564
uniform_mid,4,MIEF,17.913928163269425,0.12517888514858275,deterministic,0,1000,10,adam,0.5508215500510445,0.8491629807367633,0.7110045590140073,0.09025050118249564
uniform_mid,4,Random,19.414708467140883,0.1923876294228012,deterministic,0,1000,10,adam,0.5508215500510445,0.8491629807367633,0.7110045590140073,0.09025050118249564
uniform_mid,6,MGF,17.941078555375185,0.12474889178322689,deterministic,0,1000,10,adam,0.5508215500510445,0.8491629807367633,0.7110045590140073,0.09025050118249564
uniform_mid,6,MAF,19.023334575021856,0.038403362602687494,deterministic,0,1000,10,adam,0.5508215500510445,0.8491629807367633,0.7110045590140073,0.09025050118249564
uniform_mid,6,MIEF,17.890402625486683,0.12595487503080932,deterministic,0,1000,10,adam,0.5508215500510445,0.8491629807367633,0.7110045590140073,0.09025050118249564
uniform_mid,6,Random,19.208625222736732,0.17080639201979309,deterministic,0,1000,10,adam,0.5508215500510445,0.8491629807367633,0.7110045590140073,0.09025050118249564
uniform_mid,8,MGF,17.922639109076066,0.12530104477048104,deterministic,0,1000,10,adam,0.5508215500510445,0.8491629807367633,0.7110045590140073,0.09025050118249564
uniform_mid,8,MAF,18.841820778595846,0.05177270490134813,deterministic,0,1000,10,adam,0.5508215500510445,0.8491629807367633,0.7110045590140073,0.09025050118249564
uniform_mid,8,MIEF,17.87358561579402,0.12555942985554808,deterministic,0,1000,10,adam,0.5508215500510445,0.8491629807367633,0.7110045590140073,0.09025050118249564
uniform_mid,8,Random,19.074615082162136,0.1675805128445346,deterministic,0,1000,10,adam,0.5508215500510445,0.8491629807367633,0.7110045590140073,0.09025050118249564
uniform_mid,10,MGF,17.888898689238815,0.12621991988718914,deterministic,0,1000,10,adam,0.5508215500510445,0.8491629807367633,0.7110045590140073,0.09025050118249564
uniform_mid,10,MAF,18.67829682788029,0.05279290999582608,deterministic,0,1000,10,adam,0.5508215500510445,0.8491629807367633,0.7110045590140073,0.09025050118249564
uniform_mid,10,MIEF,17.85014363973924,0.12616085213207825,deterministic,0,1000,10,adam,0.5508215500510445,0.8491629807367633,0.7110045590140073,0.09025050118249564
uniform_mid,10,Random,18.905242581583895,0.2162204523325797,deterministic,0,1000,10,adam,0.5508215500510445,0.8491629807367633,0.7110045590140073,0.09025050118249564
uniform_mid,12,MGF,17.87973981354606,0.12308439429470966,deterministic,0,1000,10,adam,0.5508215500510445,0.8491629807367633,0.7110045590140073,0.09025050118249564
uniform_mid,12,MAF,18.55684812176181,0.05092438695809254,deterministic,0,1000,10,adam,0.5508215500510445,0.8491629807367633,0.7110045590140073,0.09025050118249564
uniform_mid,12,MIEF,17.826799890771312,0.1251907757816725,deterministic,0,1000,10,adam,0.5508215500510445,0.8491629807367633,0.7110045590140073,0.09025050118249564
uniform_mid,12,Random,18.773227458413615,0.2235647700957821,deterministic,0,1000,10,adam,0.5508215500510445,0.8491629807367633,0.7110045590140073,0.09025050118249564
uniform_mid,14,MGF,17.86485380145793,0.12514515876878118,deterministic,0,1000,10,adam,0.5508215500510445,0.8491629807367633,0.7110045590140073,0.09025050118249564
uniform_mid,14,MAF,18.44777253421387,0.05944146147255626,deterministic,0,1000,10,adam,0.5508215500510445,0.8491629807367633,0.7110045590140073,0.09025050118249564
uniform_mid,14,MIEF,17.80735052437381,0.12432838885199586,deterministic,0,1000,10,adam,0.5508215500510445,0.8491629807367633,0.7110045590140073,0.09025050118249564
uniform_mid,14,Random,18.681828099073705,0.23694859226288995,deterministic,0,1000,10,adam,0.5508215500510445,0.8491629807367633,0.7110045590140073,0.09025050118249564
uniform_mid,16,MGF,17.847105145559812,0.12481785332330392,deterministic,0,1000,10,adam,0.5508215500510445,0.8491629807367633,0.7110045590140073,0.09025050118249564
uniform_mid,16,MAF,18.34255183359944,0.062021498150694014,deterministic,0,1000,10,adam,0.5508215500510445,0.8491629807367633,0.7110045590140073,0.09025050118249564
uniform_mid,16,MIEF,17.78772171394124,0.12592948308875385,deterministic,0,1000,10,adam,0.5508215500510445,0.8491629807367633,0.7110045590140073,0.09025050118249564
uniform_mid,16,Random,18.588658320574968,0.21050291433803117,deterministic,0,1000,10,adam,0.5508215500510445,0.8491629807367633,0.7110045590140073,0.09025050118249564
uniform_mid,18,MGF,17.767200065654784,0.12581934874257178,deterministic,0,1000,10,adam,0.5508215500510445,0.8491629807367633,0.7110045590140073,0.09025050118249564
uniform_mid,18,MAF,18.254985669943125,0.07786895198071431,deterministic,0,1000,10,adam,0.5508215500510445,0.8491629807367633,0.7110045590140073,0.09025050118249564
uniform_mid,18,MIEF,17.766498319658467,0.12520390056264924,deterministic,0,1000,10,adam,0.5508215500510445,0.8491629807367633,0.7110045590140073,0.09025050118249564
uniform_mid,18,Random,18.52083432023709,0.21921905208717804,deterministic,0,1000,10,adam,0.5508215500510445,0.8491629807367633,0.7110045590140073,0.09025050118249564
uniform_mid,20,MGF,17.795804320343006,0.12611114055200626,deterministic,0,1000,10,adam,0.5508215500510445,0.8491629807367633,0.7110045590140073,0.09025050118249564
uniform_mid,20,MAF,18.17472043188623,0.09352724323020394,deterministic,0,1000,10,adam,0.5508215500510445,0.8491629807367633,0.7110045590140073,0.09025050118249564
uniform_mid,20,MIEF,17.749682535307436,0.12617021884988505,deterministic,0,1000,10,adam,0.5508215500510445,0.8491629807367633,0.7110045590140073,0.09025050118249564
uniform_mid,20,Random,18.45541990667248,0.23180506032913412,deterministic,0,1000,10,adam,0.5508215500510445,0.8491629807367633,0.7110045590140073,0.09025050118249564
uniform_very_wide,2,MGF,18.174837044490793,0.15286421676357934,deterministic,0,1000,10,adam,0.20216341513441702,0.9877958492734769,0.6239786720702193,0.23765965311390522
uniform_very_wide,2,MAF,19.485370483055505,0.03175754162553021,deterministic,0,1000,10,adam,0.20216341513441702,0.9877958492734769,0.6239786720702193,0.23765965311390522
uniform_very_wide,2,MIEF,18.174837044490793,0.15286421676357934,deterministic,0,1000,10,adam,0.20216341513441702,0.9877958492734769,0.6239786720702193,0.23765965311390522
uniform_very_wide,2,Random,19.614156294446712,0.15188300757658166,deterministic,0,1000,10,adam,0.20216341513441702,0.9877958492734769,0.6239786720702193,0.23765965311390522
uniform_very_wide,4,MGF,18.177414975320282,0.15133508004148194,deterministic,0,1000,10,adam,0.20216341513441702,0.9877958492734769,0.6239786720702193,0.23765965311390522
uniform_very_wide,4,MAF,19.337213842526985,0.03522934235208351,deterministic,0,1000,10,adam,0.20216341513441702,0.9877958492734769,0.6239786720702193,0.23765965311390522
uniform_very_wide,4,MIEF,18.13995529380576,0.1531153222213817,deterministic,0,1000,10,adam,0.20216341513441702,0.9877958492734769,0.6239786720702193,0.23765965311390522
uniform_very_wide,4,Random,19.463090810985253,0.18914027733636882,deterministic,0,1000,10,adam,0.20216341513441702,0.9877958492734769,0.6239786720702193,0.23765965311390522
uniform_very_wide,6,MGF,18.159041583021914,0.15353561882399944,deterministic,0,1000,10,adam,0.20216341513441702,0.9877958492734769,0.6239786720702193,0.23765965311390522
uniform_very_wide,6,MAF,19.152942952721098,0.047830477410005574,deterministic,0,1000,10,adam,0.20216341513441702,0.9877958492734769,0.6239786720702193,0.23765965311390522
uniform_very_wide,6,MIEF,18.125104342387665,0.1529662624474283,deterministic,0,1000,10,adam,0.20216341513441702,0.9877958492734769,0.6239786720702193,0.23765965311390522
uniform_very_wide,6,Random,19.291243537771265,0.16206427122540595,deterministic,0,1000,10,adam,0.20216341513441702,0.9877958492734769,0.6239786720702193,0.23765965311390522
uniform_very_wide,8,MGF,18.14086382538157,0.15277150388324492,deterministic,0,1000,10,adam,0.20216341513441702,0.9877958492734769,0.6239786720702193,0.23765965311390522
uniform_very_wide,8,MAF,19.019387295380906,0.037560084405413106,deterministic,0,1000,10,adam,0.20216341513441702,0.9877958492734769,0.6239786720702193,0.23765965311390522
uniform_very_wide,8,MIEF,18.097129458053423,0.15315111416732974,deterministic,0,1000,10,adam,0.20216341513441702,0.9877958492734769,0.6239786720702193,0.23765965311390522
uniform_very_wide,8,Random,19.18532300552308,0.14937493643432326,deterministic,0,1000,10,adam,0.20216341513441702,0.9877958492734769,0.6239786720702193,0.23765965311390522
uniform_very_wide,10,MGF,18.124083718152864,0.15153072659627465,deterministic,0,1000,10,adam,0.20216341513441702,0.9877958492734769,0.6239786720702193,0.23765965311390522
uniform_very_wide,10,MAF,18.878510328641948,0.06531964204879939,deterministic,0,1000,10,adam,0.20216341513441702,0.9877958492734769,0.6239786720702193,0.23765965311390522
uniform_very_wide,10,MIEF,18.071867869757245,0.152901352745782,deterministic,0,1000,10,adam,0.20216341513441702,0.9877958492734769,0.6239786720702193,0.23765965311390522
uniform_very_wide,10,Random,19.01486030938417,0.19493937044619192,deterministic,0,1000,10,adam,0.20216341513441702,0.9877958492734769,0.6239786720702193,0.23765965311390522
uniform_very_wide,12,MGF,18.093058759008546,0.15265954867953097,deterministic,0,1000,10,adam,0.20216341513441702,0.9877958492734769,0.6239786720702193,0.23765965311390522
uniform_very_wide,12,MAF,18.754666634777784,0.0666873281895335,deterministic,0,1000,10,adam,0.20216341513441702,0.9877958492734769,0.6239786720702193,0.23765965311390522
uniform_very_wide,12,MIEF,18.054360597946918,0.15365681450671845,deterministic,0,1000,10,adam,0.20216341513441702,0.9877958492734769,0.6239786720702193,0.23765965311390522
uniform_very_wide,12,Random,18.87944259072442,0.21485868118209558,deterministic,0,1000,10,adam,0.20216341513441702,0.9877958492734769,0.6239786720702193,0.23765965311390522
uniform_very_wide,14,MGF,18.070752734034325,0.1521585555169679,deterministic,0,1000,10,adam,0.20216341513441702,0.9877958492734769,0.6239786720702193,0.23765965311390522
uniform_very_wide,14,MAF,18.620944219747877,0.056847606412076375,deterministic,0,1000,10,adam,0.20216341513441702,0.9877958492734769,0.6239786720702193,0.23765965311390522
uniform_very_wide,14,MIEF,18.0361080780174,0.15256583210348304,deterministic,0,1000,10,adam,0.20216341513441702,0.9877958492734769,0.6239786720702193,0.23765965311390522
uniform_very_wide,14,Random,18.808247874843865,0.20948619967489698,deterministic,0,1000,10,adam,0.20216341513441702,0.9877958492734769,0.6239786720702193,0.23765965311390522
uniform_very_wide,16,MGF,18.036470428914253,0.15072314535414988,deterministic,0,1000,10,adam,0.20216341513441702,0.9877958492734769,0.6239786720702193,0.23765965311390522
uniform_very_wide,16,MAF,18.544909208607915,0.07812123252022067,deterministic,0,1000,10,adam,0.20216341513441702,0.9877958492734769,0.6239786720702193,0.23765965311390522
uniform_very_wide,16,MIEF,18.02016767828487,0.15370876524203503,deterministic,0,1000,10,adam,0.20216341513441702,0.9877958492734769,0.6239786720702193,0.23765965311390522
uniform_very_wide,16,Random,18.723753487342886,0.17801448434529332,deterministic,0,1000,10,adam,0.20216341513441702,0.9877958492734769,0.6239786720702193,0.23765965311390522
uniform_very_wide,18,MGF,18.01229558770627,0.151285375684105,deterministic,0,1000,10,adam,0.20216341513441702,0.9877958492734769,0.6239786720702193,0.23765965311390522
uniform_very_wide,18,MAF,18.479331539505985,0.09378558013791849,deterministic,0,1000,10,adam,0.20216341513441702,0.9877958492734769,0.6239786720702193,0.23765965311390522
uniform_very_wide,18,MIEF,18.00130131009409,0.15357750774215617,deterministic,0,1000,10,adam,0.20216341513441702,0.9877958492734769,0.6239786720702193,0.23765965311390522
uniform_very_wide,18,Random,18.672880768904985,0.18698073888761246,deterministic,0,1000,10,adam,0.20216341513441702,0.9877958492734769,0.6239786720702193,0.23765965311390522
uniform_very_wide,20,MGF,18.0347557340875,0.15162063381130889,deterministic,0,1000,10,adam,0.20216341513441702,0.9877958492734769,0.6239786720702193,0.23765965311390522
uniform_very_wide,20,MAF,18.38390345930596,0.10513043454033913,deterministic,0,1000,10,adam,0.20216341513441702,0.9877958492734769,0.6239786720702193,0.23765965311390522
uniform_very_wide,20,MIEF,17.983088888098738,0.15324522336068158,deterministic,0,1000,10,adam,0.20216341513441702,0.9877958492734769,0.6239786720702193,0.23765965311390522
uniform_very_wide,20,Random,18.610032211837854,0.2016736793661978,deterministic,0,1000,10,adam,0.20216341513441702,0.9877958492734769,0.6239786720702193,0.23765965311390522
uniform_with_perfect_outliers,2,MGF,17.76007544050633,0.062037670274351794,deterministic,0,1000,10,adam,0.40109540006805927,1.0,0.6664629305627099,0.17079094305312653
uniform_with_perfect_outliers,2,MAF,19.474239074101526,0.029961757400482257,deterministic,0,1000,10,adam,0.40109540006805927,1.0,0.6664629305627099,0.17079094305312653
uniform_with_perfect_outliers,2,MIEF,17.76007544050633,0.062037670274351794,deterministic,0,1000,10,adam,0.40109540006805927,1.0,0.6664629305627099,0.17079094305312653
uniform_with_perfect_outliers,2,Random,19.583485295960287,0.13678790635714322,deterministic,0,1000,10,adam,0.40109540006805927,1.0,0.6664629305627099,0.17079094305312653
uniform_with_perfect_outliers,4,MGF,17.754154996789826,0.06197254608457385,deterministic,0,1000,10,adam,0.40109540006805927,1.0,0.6664629305627099,0.17079094305312653
uniform_with_perfect_outliers,4,MAF,19.278258600667556,0.04566311365041333,deterministic,0,1000,10,adam,0.40109540006805927,1.0,0.6664629305627099,0.17079094305312653
uniform_with_perfect_outliers,4,MIEF,17.73061049803863,0.062037670274354945,deterministic,0,1000,10,adam,0.40109540006805927,1.0,0.6664629305627099,0.17079094305312653
uniform_with_perfect_outliers,4,Random,19.386172108397048,0.18327296541412688,deterministic,0,1000,10,adam,0.40109540006805927,1.0,0.6664629305627099,0.17079094305312653
uniform_with_perfect_outliers,6,MGF,17.737458701935246,0.06340603622635366,deterministic,0,1000,10,adam,0.40109540006805927,1.0,0.6664629305627099,0.17079094305312653
uniform_with_perfect_outliers,6,MAF,19.0710632547017,0.0439050253737993,deterministic,0,1000,10,adam,0.40109540006805927,1.0,0.6664629305627099,0.17079094305312653
uniform_with_perfect_outliers,6,MIEF,17.706626164894583,0.06237006441184891,deterministic,0,1000,10,adam,0.40109540006805927,1.0,0.6664629305627099,0.17079094305312653
uniform_with_perfect_outliers,6,Random,19.17644854605697,0.1573198523262278,deterministic,0,1000,10,adam,0.40109540006805927,1.0,0.6664629305627099,0.17079094305312653
uniform_with_perfect_outliers,8,MGF,17.743050139587876,0.06204809142754391,deterministic,0,1000,10,adam,0.40109540006805927,1.0,0.6664629305627099,0.17079094305312653
uniform_with_perfect_outliers,8,MAF,18.89859594391205,0.0380314181242667,deterministic,0,1000,10,adam,0.40109540006805927,1.0,0.6664629305627099,0.17079094305312653
uniform_with_perfect_outliers,8,MIEF,17.67976268352649,0.06185998742589284,deterministic,0,1000,10,adam,0.40109540006805927,1.0,0.6664629305627099,0.17079094305312653
uniform_with_perfect_outliers,8,Random,19.059694697028227,0.12282267708163234,deterministic,0,1000,10,adam,0.40109540006805927,1.0,0.6664629305627099,0.17079094305312653
uniform_with_perfect_outliers,10,MGF,17.70679370761266,0.0634675354618928,deterministic,0,1000,10,adam,0.40109540006805927,1.0,0.6664629305627099,0.17079094305312653
uniform_with_perfect_outliers,10,MAF,18.748121775462444,0.06353762844226256,deterministic,0,1000,10,adam,0.40109540006805927,1.0,0.6664629305627099,0.17079094305312653
uniform_with_perfect_outliers,10,MIEF,17.661493591139212,0.06308442109744535,deterministic,0,1000,10,adam,0.40109540006805927,1.0,0.6664629305627099,0.17079094305312653
uniform_with_perfect_outliers,10,Random,18.87923599298074,0.17387436175105012,deterministic,0,1000,10,adam,0.40109540006805927,1.0,0.6664629305627099,0.17079094305312653
uniform_with_perfect_outliers,12,MGF,17.681893650449947,0.06190544380562276,deterministic,0,1000,10,adam,0.40109540006805927,1.0,0.6664629305627099,0.17079094305312653
uniform_with_perfect_outliers,12,MAF,18.59282440596087,0.054726451486926106,deterministic,0,1000,10,adam,0.40109540006805927,1.0,0.6664629305627099,0.17079094305312653
uniform_with_perfect_outliers,12,MIEF,17.642191010792356,0.0617809863313942,deterministic,0,1000,10,adam,0.40109540006805927,1.0,0.6664629305627099,0.17079094305312653
uniform_with_perfect_outliers,12,Random,18.73333450547438,0.1749128011974278,deterministic,0,1000,10,adam,0.40109540006805927,1.0,0.6664629305627099,0.17079094305312653
uniform_with_perfect_outliers,14,MGF,17.657373409511685,0.06022464436628547,deterministic,0,1000,10,adam,0.40109540006805927,1.0,0.6664629305627099,0.17079094305312653
uniform_with_perfect_outliers,14,MAF,18.48777464700432,0.057912484629437405,deterministic,0,1000,10,adam,0.40109540006805927,1.0,0.6664629305627099,0.17079094305312653
uniform_with_perfect_outliers,14,MIEF,17.620422770112,0.06191632314402661,deterministic,0,1000,10,adam,0.40109540006805927,1.0,0.6664629305627099,0.17079094305312653
uniform_with_perfect_outliers,14,Random,18.619069657380145,0.22054898168620365,deterministic,0,1000,10,adam,0.40109540006805927,1.0,0.6664629305627099,0.17079094305312653
uniform_with_perfect_outliers,16,MGF,17.669377568158012,0.06085169147482952,deterministic,0,1000,10,adam,0.40109540006805927,1.0,0.6664629305627099,0.17079094305312653
uniform_with_perfect_outliers,16,MAF,18.39391868397886,0.06714857387217865,deterministic,0,1000,10,adam,0.40109540006805927,1.0,0.6664629305627099,0.17079094305312653
uniform_with_perfect_outliers,16,MIEF,17.605820918997914,0.06095724371774288,deterministic,0,1000,10,adam,0.40109540006805927,1.0,0.6664629305627099,0.17079094305312653
uniform_with_perfect_outliers,16,Random,18.52310693856217,0.1883957147814827,deterministic,0,1000,10,adam,0.40109540006805927,1.0,0.6664629305627099,0.17079094305312653
uniform_with_perfect_outliers,18,MGF,17.621862824490282,0.06008911151455803,deterministic,0,1000,10,adam,0.40109540006805927,1.0,0.6664629305627099,0.17079094305312653
uniform_with_perfect_outliers,18,MAF,18.307052673624746,0.0946884349961674,deterministic,0,1000,10,adam,0.40109540006805927,1.0,0.6664629305627099,0.17079094305312653
uniform_with_perfect_outliers,18,MIEF,17.587158009469483,0.06324230183344469,deterministic,0,1000,10,adam,0.40109540006805927,1.0,0.6664629305627099,0.17079094305312653
uniform_with_perfect_outliers,18,Random,18.436593162263463,0.20192387633081,deterministic,0,1000,10,adam,0.40109540006805927,1.0,0.6664629305627099,0.17079094305312653
uniform_with_perfect_outliers,20,MGF,17.600043361266096,0.06101623334345064,deterministic,0,1000,10,adam,0.40109540006805927,1.0,0.6664629305627099,0.17079094305312653
uniform_with_perfect_outliers,20,MAF,18.179808200569106,0.08372586000631231,deterministic,0,1000,10,adam,0.40109540006805927,1.0,0.6664629305627099,0.17079094305312653
uniform_with_perfect_outliers,20,MIEF,17.566935745816327,0.06242253575598017,deterministic,0,1000,10,adam,0.40109540006805927,1.0,0.6664629305627099,0.17079094305312653
uniform_with_perfect_outliers,20,Random,18.3713558903681,0.21601142517108607,deterministic,0,1000,10,adam,0.40109540006805927,1.0,0.6664629305627099,0.17079094305312653
bimodal_extreme,2,MGF,17.4913149014021,0.027721725289634794,deterministic,0,1000,10,adam,0.2361159916806696,0.9900478516729051,0.7464110283352181,0.30129956275283065
bimodal_extreme,2,MAF,19.52457632653565,0.04677464210527698,deterministic,0,1000,10,adam,0.2361159916806696,0.9900478516729051,0.7464110283352181,0.30129956275283065
bimodal_extreme,2,MIEF,17.4913149014021,0.027721725289634794,deterministic,0,1000,10,adam,0.2361159916806696,0.9900478516729051,0.7464110283352181,0.30129956275283065
bimodal_extreme,2,Random,19.499461756396798,0.12922437473163273,deterministic,0,1000,10,adam,0.2361159916806696,0.9900478516729051,0.7464110283352181,0.30129956275283065
bimodal_extreme,4,MGF,17.488044610163037,0.02776349723357613,deterministic,0,1000,10,adam,0.2361159916806696,0.9900478516729051,0.7464110283352181,0.30129956275283065
bimodal_extreme,4,MAF,19.290292932375554,0.052144722088097915,deterministic,0,1000,10,adam,0.2361159916806696,0.9900478516729051,0.7464110283352181,0.30129956275283065
bimodal_extreme,4,MIEF,17.435924372242386,0.026978765021971593,deterministic,0,1000,10,adam,0.2361159916806696,0.9900478516729051,0.7464110283352181,0.30129956275283065
bimodal_extreme,4,Random,19.253623301924257,0.14810701589037834,deterministic,0,1000,10,adam,0.2361159916806696,0.9900478516729051,0.7464110283352181,0.30129956275283065
bimodal_extreme,6,MGF,17.460258292187582,0.028477487153325702,deterministic,0,1000,10,adam,0.2361159916806696,0.9900478516729051,0.7464110283352181,0.30129956275283065
bimodal_extreme,6,MAF,19.086964951006962,0.05457264335907015,deterministic,0,1000,10,adam,0.2361159916806696,0.9900478516729051,0.7464110283352181,0.30129956275283065
bimodal_extreme,6,MIEF,17.399803347528525,0.027909169855539682,deterministic,0,1000,10,adam,0.2361159916806696,0.9900478516729051,0.7464110283352181,0.30129956275283065
bimodal_extreme,6,Random,18.984875906845396,0.15471043472718113,deterministic,0,1000,10,adam,0.2361159916806696,0.9900478516729051,0.7464110283352181,0.30129956275283065
bimodal_extreme,8,MGF,17.464203355632183,0.027626187560321553,deterministic,0,1000,10,adam,0.2361159916806696,0.9900478516729051,0.7464110283352181,0.30129956275283065
bimodal_extreme,8,MAF,18.865035831702038,0.04283290352792988,deterministic,0,1000,10,adam,0.2361159916806696,0.9900478516729051,0.7464110283352181,0.30129956275283065
bimodal_extreme,8,MIEF,17.380583785478812,0.027932120936741103,deterministic,0,1000,10,adam,0.2361159916806696,0.9900478516729051,0.7464110283352181,0.30129956275283065
bimodal_extreme,8,Random,18.82760067434679,0.1528312164648872,deterministic,0,1000,10,adam,0.2361159916806696,0.9900478516729051,0.7464110283352181,0.30129956275283065
bimodal_extreme,10,MGF,17.409049063539697,0.026712915251501258,deterministic,0,1000,10,adam,0.2361159916806696,0.9900478516729051,0.7464110283352181,0.30129956275283065
bimodal_extreme,10,MAF,18.69790311310896,0.040219082186893094,deterministic,0,1000,10,adam,0.2361159916806696,0.9900478516729051,0.7464110283352181,0.30129956275283065
bimodal_extreme,10,MIEF,17.36617746725608,0.027898245118042633,deterministic,0,1000,10,adam,0.2361159916806696,0.9900478516729051,0.7464110283352181,0.30129956275283065
bimodal_extreme,10,Random,18.628515997697555,0.14374590244575192,deterministic,0,1000,10,adam,0.2361159916806696,0.9900478516729051,0.7464110283352181,0.30129956275283065
bimodal_extreme,12,MGF,17.406570241811913,0.02861469139062447,deterministic,0,1000,10,adam,0.2361159916806696,0.9900478516729051,0.7464110283352181,0.30129956275283065
bimodal_extreme,12,MAF,18.54516723773754,0.033030286113743104,deterministic,0,1000,10,adam,0.2361159916806696,0.9900478516729051,0.7464110283352181,0.30129956275283065
bimodal_extreme,12,MIEF,17.354023867136622,0.027794228705686718,deterministic,0,1000,10,adam,0.2361159916806696,0.9900478516729051,0.7464110283352181,0.30129956275283065
bimodal_extreme,12,Random,18.462237334053277,0.10876859157451672,deterministic,0,1000,10,adam,0.2361159916806696,0.9900478516729051,0.7464110283352181,0.30129956275283065
bimodal_extreme,14,MGF,17.377478628904363,0.027544339603108103,deterministic,0,1000,10,adam,0.2361159916806696,0.9900478516729051,0.7464110283352181,0.30129956275283065
bimodal_extreme,14,MAF,18.40456418269117,0.025937014756777635,deterministic,0,1000,10,adam,0.2361159916806696,0.9900478516729051,0.7464110283352181,0.30129956275283065
bimodal_extreme,14,MIEF,17.336873859705904,0.027927607355901655,deterministic,0,1000,10,adam,0.2361159916806696,0.9900478516729051,0.7464110283352181,0.30129956275283065
bimodal_extreme,14,Random,18.3318764771296,0.15573018427308366,deterministic,0,1000,10,adam,0.2361159916806696,0.9900478516729051,0.7464110283352181,0.30129956275283065
bimodal_extreme,16,MGF,17.33354132091786,0.028250900387680255,deterministic,0,1000,10,adam,0.2361159916806696,0.9900478516729051,0.7464110283352181,0.30129956275283065
bimodal_extreme,16,MAF,18.2702243296457,0.028299043216482744,deterministic,0,1000,10,adam,0.2361159916806696,0.9900478516729051,0.7464110283352181,0.30129956275283065
bimodal_extreme,16,MIEF,17.320738703234404,0.02768897783807961,deterministic,0,1000,10,adam,0.2361159916806696,0.9900478516729051,0.7464110283352181,0.30129956275283065
bimodal_extreme,16,Random,18.229400768391038,0.13107489004572842,deterministic,0,1000,10,adam,0.2361159916806696,0.9900478516729051,0.7464110283352181,0.30129956275283065
bimodal_extreme,18,MGF,17.34302638922437,0.028087852760542074,deterministic,0,1000,10,adam,0.2361159916806696,0.9900478516729051,0.7464110283352181,0.30129956275283065
bimodal_extreme,18,MAF,18.138887101902675,0.0529370387629176,deterministic,0,1000,10,adam,0.2361159916806696,0.9900478516729051,0.7464110283352181,0.30129956275283065
bimodal_extreme,18,MIEF,17.29878079779372,0.02809398656776849,deterministic,0,1000,10,adam,0.2361159916806696,0.9900478516729051,0.7464110283352181,0.30129956275283065
bimodal_extreme,18,Random,18.128693850712487,0.13272141055456632,deterministic,0,1000,10,adam,0.2361159916806696,0.9900478516729051,0.7464110283352181,0.30129956275283065
bimodal_extreme,20,MGF,17.340240432044887,0.02854249822308512,deterministic,0,1000,10,adam,0.2361159916806696,0.9900478516729051,0.7464110283352181,0.30129956275283065
bimodal_extreme,20,MAF,18.008181514807127,0.031264652988359,deterministic,0,1000,10,adam,0.2361159916806696,0.9900478516729051,0.7464110283352181,0.30129956275283065
bimodal_extreme,20,MIEF,17.27666874536912,0.02747704077044523,deterministic,0,1000,10,adam,0.2361159916806696,0.9900478516729051,0.7464110283352181,0.30129956275283065
bimodal_extreme,20,Random,18.033969202883632,0.1365103870407806,deterministic,0,1000,10,adam,0.2361159916806696,0.9900478516729051,0.7464110283352181,0.30129956275283065
bimodal_balanced,2,MGF,18.093536219386014,0.13500218323922328,deterministic,0,1000,10,adam,0.30999435305701634,0.9900478516729051,0.6217605222506478,0.2712016240153588
bimodal_balanced,2,MAF,19.563648590508087,0.029443599288029795,deterministic,0,1000,10,adam,0.30999435305701634,0.9900478516729051,0.6217605222506478,0.2712016240153588
bimodal_balanced,2,MIEF,18.093536219386014,0.13500218323922328,deterministic,0,1000,10,adam,0.30999435305701634,0.9900478516729051,0.6217605222506478,0.2712016240153588
bimodal_balanced,2,Random,19.53715564887566,0.1449644153319251,deterministic,0,1000,10,adam,0.30999435305701634,0.9900478516729051,0.6217605222506478,0.2712016240153588
bimodal_balanced,4,MGF,18.096385730111955,0.13397659424211902,deterministic,0,1000,10,adam,0.30999435305701634,0.9900478516729051,0.6217605222506478,0.2712016240153588
bimodal_balanced,4,MAF,19.367605001027393,0.026057206997168368,deterministic,0,1000,10,adam,0.30999435305701634,0.9900478516729051,0.6217605222506478,0.2712016240153588
bimodal_balanced,4,MIEF,18.03949180647182,0.13440790658518642,deterministic,0,1000,10,adam,0.30999435305701634,0.9900478516729051,0.6217605222506478,0.2712016240153588
bimodal_balanced,4,Random,19.34934026886665,0.1359261281459127,deterministic,0,1000,10,adam,0.30999435305701634,0.9900478516729051,0.6217605222506478,0.2712016240153588
bimodal_balanced,6,MGF,18.067637106582005,0.13463014094008566,deterministic,0,1000,10,adam,0.30999435305701634,0.9900478516729051,0.6217605222506478,0.2712016240153588
bimodal_balanced,6,MAF,19.17668955578547,0.055820407225357416,deterministic,0,1000,10,adam,0.30999435305701634,0.9900478516729051,0.6217605222506478,0.2712016240153588
bimodal_balanced,6,MIEF,18.013930364605056,0.13536498928129023,deterministic,0,1000,10,adam,0.30999435305701634,0.9900478516729051,0.6217605222506478,0.2712016240153588
bimodal_balanced,6,Random,19.138990926967555,0.15690414778643222,deterministic,0,1000,10,adam,0.30999435305701634,0.9900478516729051,0.6217605222506478,0.2712016240153588
bimodal_balanced,8,MGF,18.066221007846213,0.1348869580510652,deterministic,0,1000,10,adam,0.30999435305701634,0.9900478516729051,0.6217605222506478,0.2712016240153588
bimodal_balanced,8,MAF,18.976847524687567,0.0630252456155208,deterministic,0,1000,10,adam,0.30999435305701634,0.9900478516729051,0.6217605222506478,0.2712016240153588
bimodal_balanced,8,MIEF,17.999456609805986,0.1350184083331019,deterministic,0,1000,10,adam,0.30999435305701634,0.9900478516729051,0.6217605222506478,0.2712016240153588
bimodal_balanced,8,Random,18.990777914466687,0.17555418727332273,deterministic,0,1000,10,adam,0.30999435305701634,0.9900478516729051,0.6217605222506478,0.2712016240153588
bimodal_balanced,10,MGF,18.037693464766715,0.13462391680818556,deterministic,0,1000,10,adam,0.30999435305701634,0.9900478516729051,0.6217605222506478,0.2712016240153588
bimodal_balanced,10,MAF,18.82570076780937,0.06347052116039428,deterministic,0,1000,10,adam,0.30999435305701634,0.9900478516729051,0.6217605222506478,0.2712016240153588
bimodal_balanced,10,MIEF,17.98842398203273,0.13491386116467555,deterministic,0,1000,10,adam,0.30999435305701634,0.9900478516729051,0.6217605222506478,0.2712016240153588
bimodal_balanced,10,Random,18.82822820026863,0.15909859384031866,deterministic,0,1000,10,adam,0.30999435305701634,0.9900478516729051,0.6217605222506478,0.2712016240153588
bimodal_balanced,12,MGF,18.01755608976709,0.13515644188890835,deterministic,0,1000,10,adam,0.30999435305701634,0.9900478516729051,0.6217605222506478,0.2712016240153588
bimodal_balanced,12,MAF,18.695783338444656,0.06216445154621334,deterministic,0,1000,10,adam,0.30999435305701634,0.9900478516729051,0.6217605222506478,0.2712016240153588
bimodal_balanced,12,MIEF,17.97726667097156,0.13502680175540513,deterministic,0,1000,10,adam,0.30999435305701634,0.9900478516729051,0.6217605222506478,0.2712016240153588
bimodal_balanced,12,Random,18.711149371524858,0.132882830168141,deterministic,0,1000,10,adam,0.30999435305701634,0.9900478516729051,0.6217605222506478,0.2712016240153588
bimodal_balanced,14,MGF,17.973785121747355,0.13772989701613186,deterministic,0,1000,10,adam,0.30999435305701634,0.9900478516729051,0.6217605222506478,0.2712016240153588
bimodal_balanced,14,MAF,18.58112428398931,0.06565959798738216,deterministic,0,1000,10,adam,0.30999435305701634,0.9900478516729051,0.6217605222506478,0.2712016240153588
bimodal_balanced,14,MIEF,17.95410836673158,0.13489886859560749,deterministic,0,1000,10,adam,0.30999435305701634,0.9900478516729051,0.6217605222506478,0.2712016240153588
bimodal_balanced,14,Random,18.622144873371404,0.14866295212754516,deterministic,0,1000,10,adam,0.30999435305701634,0.9900478516729051,0.6217605222506478,0.2712016240153588
bimodal_balanced,16,MGF,17.978735636442003,0.13805508592532292,deterministic,0,1000,10,adam,0.30999435305701634,0.9900478516729051,0.6217605222506478,0.2712016240153588
bimodal_balanced,16,MAF,18.485359428401573,0.06876440384578207,deterministic,0,1000,10,adam,0.30999435305701634,0.9900478516729051,0.6217605222506478,0.2712016240153588
bimodal_balanced,16,MIEF,17.93598917034214,0.13528293999513266,deterministic,0,1000,10,adam,0.30999435305701634,0.9900478516729051,0.6217605222506478,0.2712016240153588
bimodal_balanced,16,Random,18.545074747031244,0.14851290066244388,deterministic,0,1000,10,adam,0.30999435305701634,0.9900478516729051,0.6217605222506478,0.2712016240153588
bimodal_balanced,18,MGF,17.939643752066598,0.13759799946423618,deterministic,0,1000,10,adam,0.30999435305701634,0.9900478516729051,0.6217605222506478,0.2712016240153588
bimodal_balanced,18,MAF,18.394963848560003,0.07979661936617435,deterministic,0,1000,10,adam,0.30999435305701634,0.9900478516729051,0.6217605222506478,0.2712016240153588
bimodal_balanced,18,MIEF,17.913489000067834,0.13491116764070413,deterministic,0,1000,10,adam,0.30999435305701634,0.9900478516729051,0.6217605222506478,0.2712016240153588
bimodal_balanced,18,Random,18.48264960027578,0.14081255031325393,deterministic,0,1000,10,adam,0.30999435305701634,0.9900478516729051,0.6217605222506478,0.2712016240153588
bimodal_balanced,20,MGF,17.922928419544142,0.13441682822102627,deterministic,0,1000,10,adam,0.30999435305701634,0.9900478516729051,0.6217605222506478,0.2712016240153588
bimodal_balanced,20,MAF,18.31917151811658,0.07864487015292655,deterministic,0,1000,10,adam,0.30999435305701634,0.9900478516729051,0.6217605222506478,0.2712016240153588
bimodal_balanced,20,MIEF,17.893009607017717,0.1350635460392053,deterministic,0,1000,10,adam,0.30999435305701634,0.9900478516729051,0.6217605222506478,0.2712016240153588
bimodal_balanced,20,Random,18.415535180041747,0.13193892449401123,deterministic,0,1000,10,adam,0.30999435305701634,0.9900478516729051,0.6217605222506478,0.2712016240153588
bimodal_q1_vs_lossy_30_70,2,MGF,18.168460944287432,0.08554360983700392,deterministic,0,1000,10,adam,0.3104042602128819,1.0,0.5581654940128379,0.2600881916857816
bimodal_q1_vs_lossy_30_70,2,MAF,19.560166489134094,0.03549666148938621,deterministic,0,1000,10,adam,0.3104042602128819,1.0,0.5581654940128379,0.2600881916857816
bimodal_q1_vs_lossy_30_70,2,MIEF,18.168460944287432,0.08554360983700392,deterministic,0,1000,10,adam,0.3104042602128819,1.0,0.5581654940128379,0.2600881916857816
bimodal_q1_vs_lossy_30_70,2,Random,19.552435480149846,0.12403343830925219,deterministic,0,1000,10,adam,0.3104042602128819,1.0,0.5581654940128379,0.2600881916857816
bimodal_q1_vs_lossy_30_70,4,MGF,18.166014057689274,0.08551809141783322,deterministic,0,1000,10,adam,0.3104042602128819,1.0,0.5581654940128379,0.2600881916857816
bimodal_q1_vs_lossy_30_70,4,MAF,19.390275740090726,0.030167688415233297,deterministic,0,1000,10,adam,0.3104042602128819,1.0,0.5581654940128379,0.2600881916857816
bimodal_q1_vs_lossy_30_70,4,MIEF,18.127039065115145,0.08554360983700036,deterministic,0,1000,10,adam,0.3104042602128819,1.0,0.5581654940128379,0.2600881916857816
bimodal_q1_vs_lossy_30_70,4,Random,19.36783355010184,0.11533439171614099,deterministic,0,1000,10,adam,0.3104042602128819,1.0,0.5581654940128379,0.2600881916857816
bimodal_q1_vs_lossy_30_70,6,MGF,18.15532344785533,0.08547661957624941,deterministic,0,1000,10,adam,0.3104042602128819,1.0,0.5581654940128379,0.2600881916857816
bimodal_q1_vs_lossy_30_70,6,MAF,19.213767839344893,0.051807620594186955,deterministic,0,1000,10,adam,0.3104042602128819,1.0,0.5581654940128379,0.2600881916857816
bimodal_q1_vs_lossy_30_70,6,MIEF,18.11641650222258,0.08554360983699628,deterministic,0,1000,10,adam,0.3104042602128819,1.0,0.5581654940128379,0.2600881916857816
bimodal_q1_vs_lossy_30_70,6,Random,19.159819536344774,0.14832287502093047,deterministic,0,1000,10,adam,0.3104042602128819,1.0,0.5581654940128379,0.2600881916857816
bimodal_q1_vs_lossy_30_70,8,MGF,18.136282641300728,0.0856109535982984,deterministic,0,1000,10,adam,0.3104042602128819,1.0,0.5581654940128379,0.2600881916857816
bimodal_q1_vs_lossy_30_70,8,MAF,19.043722442430937,0.07166711575509951,deterministic,0,1000,10,adam,0.3104042602128819,1.0,0.5581654940128379,0.2600881916857816
bimodal_q1_vs_lossy_30_70,8,MIEF,18.094860141560638,0.08554360983700285,deterministic,0,1000,10,adam,0.3104042602128819,1.0,0.5581654940128379,0.2600881916857816
bimodal_q1_vs_lossy_30_70,8,Random,19.013539330631573,0.1673491414719342,deterministic,0,1000,10,adam,0.3104042602128819,1.0,0.5581654940128379,0.2600881916857816
bimodal_q1_vs_lossy_30_70,10,MGF,18.099251331456514,0.08510647653011691,deterministic,0,1000,10,adam,0.3104042602128819,1.0,0.5581654940128379,0.2600881916857816
bimodal_q1_vs_lossy_30_70,10,MAF,18.89789043052609,0.04459695519381622,deterministic,0,1000,10,adam,0.3104042602128819,1.0,0.5581654940128379,0.2600881916857816
bimodal_q1_vs_lossy_30_70,10,MIEF,18.0749341327657,0.08554360983700253,deterministic,0,1000,10,adam,0.3104042602128819,1.0,0.5581654940128379,0.2600881916857816
bimodal_q1_vs_lossy_30_70,10,Random,18.853186396262032,0.15318919979583528,deterministic,0,1000,10,adam,0.3104042602128819,1.0,0.5581654940128379,0.2600881916857816
bimodal_q1_vs_lossy_30_70,12,MGF,18.09552081893459,0.08350583575406045,deterministic,0,1000,10,adam,0.3104042602128819,1.0,0.5581654940128379,0.2600881916857816
bimodal_q1_vs_lossy_30_70,12,MAF,18.785234874075055,0.06407447538102834,deterministic,0,1000,10,adam,0.3104042602128819,1.0,0.5581654940128379,0.2600881916857816
bimodal_q1_vs_lossy_30_70,12,MIEF,18.04948840474604,0.08624956006833057,deterministic,0,1000,10,adam,0.3104042602128819,1.0,0.5581654940128379,0.2600881916857816
bimodal_q1_vs_lossy_30_70,12,Random,18.74064680688784,0.128731206267549,deterministic,0,1000,10,adam,0.3104042602128819,1.0,0.5581654940128379,0.2600881916857816
bimodal_q1_vs_lossy_30_70,14,MGF,18.087129640834767,0.08697697062009487,deterministic,0,1000,10,adam,0.3104042602128819,1.0,0.5581654940128379,0.2600881916857816
bimodal_q1_vs_lossy_30_70,14,MAF,18.656696618450184,0.06810288769666473,deterministic,0,1000,10,adam,0.3104042602128819,1.0,0.5581654940128379,0.2600881916857816
bimodal_q1_vs_lossy_30_70,14,MIEF,18.026489913861184,0.08559047310676345,deterministic,0,1000,10,adam,0.3104042602128819,1.0,0.5581654940128379,0.2600881916857816
bimodal_q1_vs_lossy_30_70,14,Random,18.659185627878742,0.1383377269933375,deterministic,0,1000,10,adam,0.3104042602128819,1.0,0.5581654940128379,0.2600881916857816
bimodal_q1_vs_lossy_30_70,16,MGF,18.034285899268188,0.08530317840003702,deterministic,0,1000,10,adam,0.3104042602128819,1.0,0.5581654940128379,0.2600881916857816
bimodal_q1_vs_lossy_30_70,16,MAF,18.542833463679823,0.05679124331855831,deterministic,0,1000,10,adam,0.3104042602128819,1.0,0.5581654940128379,0.2600881916857816
bimodal_q1_vs_lossy_30_70,16,MIEF,18.00921567739125,0.08635965220010648,deterministic,0,1000,10,adam,0.3104042602128819,1.0,0.5581654940128379,0.2600881916857816
bimodal_q1_vs_lossy_30_70,16,Random,18.58628743485517,0.13070911009042502,deterministic,0,1000,10,adam,0.3104042602128819,1.0,0.5581654940128379,0.2600881916857816
bimodal_q1_vs_lossy_30_70,18,MGF,18.052695711048674,0.08584420878103133,deterministic,0,1000,10,adam,0.3104042602128819,1.0,0.5581654940128379,0.2600881916857816
bimodal_q1_vs_lossy_30_70,18,MAF,18.46648266272094,0.047392100378012086,deterministic,0,1000,10,adam,0.3104042602128819,1.0,0.5581654940128379,0.2600881916857816
bimodal_q1_vs_lossy_30_70,18,MIEF,17.996011175714415,0.08476347376243411,deterministic,0,1000,10,adam,0.3104042602128819,1.0,0.5581654940128379,0.2600881916857816
bimodal_q1_vs_lossy_30_70,18,Random,18.5259378603697,0.12186494273191088,deterministic,0,1000,10,adam,0.3104042602128819,1.0,0.5581654940128379,0.2600881916857816
bimodal_q1_vs_lossy_30_70,20,MGF,17.99840083559865,0.08724539965451159,deterministic,0,1000,10,adam,0.3104042602128819,1.0,0.5581654940128379,0.2600881916857816
bimodal_q1_vs_lossy_30_70,20,MAF,18.400399814392642,0.05047997694836117,deterministic,0,1000,10,adam,0.3104042602128819,1.0,0.5581654940128379,0.2600881916857816
bimodal_q1_vs_lossy_30_70,20,MIEF,17.98221741935318,0.08649371277569289,deterministic,0,1000,10,adam,0.3104042602128819,1.0,0.5581654940128379,0.2600881916857816
bimodal_q1_vs_lossy_30_70,20,Random,18.465947164021113,0.10200287898750354,deterministic,0,1000,10,adam,0.3104042602128819,1.0,0.5581654940128379,0.2600881916857816
bimodal_q1_vs_lossy_70_30,2,MGF,17.473809887417875,0.0,deterministic,0,1000,10,adam,0.34987886099205334,1.0,0.830175142741908,0.24763141130722174
bimodal_q1_vs_lossy_70_30,2,MAF,19.455746682730783,0.04682553179985373,deterministic,0,1000,10,adam,0.34987886099205334,1.0,0.830175142741908,0.24763141130722174
bimodal_q1_vs_lossy_70_30,2,MIEF,17.473809887417875,0.0,deterministic,0,1000,10,adam,0.34987886099205334,1.0,0.830175142741908,0.24763141130722174
bimodal_q1_vs_lossy_70_30,2,Random,19.494404087577518,0.1303209921317442,deterministic,0,1000,10,adam,0.34987886099205334,1.0,0.830175142741908,0.24763141130722174
bimodal_q1_vs_lossy_70_30,4,MGF,17.472844527484096,3.744889033148481e-15,deterministic,0,1000,10,adam,0.34987886099205334,1.0,0.830175142741908,0.24763141130722174
bimodal_q1_vs_lossy_70_30,4,MAF,19.206781031121245,0.042430748889486634,deterministic,0,1000,10,adam,0.34987886099205334,1.0,0.830175142741908,0.24763141130722174
bimodal_q1_vs_lossy_70_30,4,MIEF,17.41343834319596,0.0,deterministic,0,1000,10,adam,0.34987886099205334,1.0,0.830175142741908,0.24763141130722174
bimodal_q1_vs_lossy_70_30,4,Random,19.244577281436484,0.14884788864950335,deterministic,0,1000,10,adam,0.34987886099205334,1.0,0.830175142741908,0.24763141130722174
bimodal_q1_vs_lossy_70_30,6,MGF,17.454880323276633,3.744889033148481e-15,deterministic,0,1000,10,adam,0.34987886099205334,1.0,0.830175142741908,0.24763141130722174
bimodal_q1_vs_lossy_70_30,6,MAF,18.954332213166342,0.06391164049365104,deterministic,0,1000,10,adam,0.34987886099205334,1.0,0.830175142741908,0.24763141130722174
bimodal_q1_vs_lossy_70_30,6,MIEF,17.377229470414942,3.744889033148481e-15,deterministic,0,1000,10,adam,0.34987886099205334,1.0,0.830175142741908,0.24763141130722174
bimodal_q1_vs_lossy_70_30,6,Random,18.973779781636615,0.15463819293454414,deterministic,0,1000,10,adam,0.34987886099205334,1.0,0.830175142741908,0.24763141130722174
bimodal_q1_vs_lossy_70_30,8,MGF,17.42815131932679,0.00011120807752631967,deterministic,0,1000,10,adam,0.34987886099205334,1.0,0.830175142741908,0.24763141130722174
bimodal_q1_vs_lossy_70_30,8,MAF,18.761501691845186,0.044226460315597946,deterministic,0,1000,10,adam,0.34987886099205334,1.0,0.830175142741908,0.24763141130722174
bimodal_q1_vs_lossy_70_30,8,MIEF,17.35968723756903,0.0,deterministic,0,1000,10,adam,0.34987886099205334,1.0,0.830175142741908,0.24763141130722174
bimodal_q1_vs_lossy_70_30,8,Random,18.813802943709227,0.15248669722113287,deterministic,0,1000,10,adam,0.34987886099205334,1.0,0.830175142741908,0.24763141130722174
bimodal_q1_vs_lossy_70_30,10,MGF,17.39096843419525,0.0019773529766031954,deterministic,0,1000,10,adam,0.34987886099205334,1.0,0.830175142741908,0.24763141130722174
bimodal_q1_vs_lossy_70_30,10,MAF,18.5789424077531,0.048093855156670036,deterministic,0,1000,10,adam,0.34987886099205334,1.0,0.830175142741908,0.24763141130722174
bimodal_q1_vs_lossy_70_30,10,MIEF,17.34906467467644,0.0,deterministic,0,1000,10,adam,0.34987886099205334,1.0,0.830175142741908,0.24763141130722174
bimodal_q1_vs_lossy_70_30,10,Random,18.613343002783978,0.14404597940461644,deterministic,0,1000,10,adam,0.34987886099205334,1.0,0.830175142741908,0.24763141130722174
bimodal_q1_vs_lossy_70_30,12,MGF,17.363196678912253,0.001607825706870025,deterministic,0,1000,10,adam,0.34987886099205334,1.0,0.830175142741908,0.24763141130722174
bimodal_q1_vs_lossy_70_30,12,MAF,18.42433386802862,0.025026995607532066,deterministic,0,1000,10,adam,0.34987886099205334,1.0,0.830175142741908,0.24763141130722174
bimodal_q1_vs_lossy_70_30,12,MIEF,17.340256060820444,0.0,deterministic,0,1000,10,adam,0.34987886099205334,1.0,0.830175142741908,0.24763141130722174
bimodal_q1_vs_lossy_70_30,12,Random,18.445361765498,0.10906365142158923,deterministic,0,1000,10,adam,0.34987886099205334,1.0,0.830175142741908,0.24763141130722174
bimodal_q1_vs_lossy_70_30,14,MGF,17.36163033520388,0.0018290804332976212,deterministic,0,1000,10,adam,0.34987886099205334,1.0,0.830175142741908,0.24763141130722174
bimodal_q1_vs_lossy_70_30,14,MAF,18.29320859026274,0.029747220597282843,deterministic,0,1000,10,adam,0.34987886099205334,1.0,0.830175142741908,0.24763141130722174
bimodal_q1_vs_lossy_70_30,14,MIEF,17.331447446964425,0.0,deterministic,0,1000,10,adam,0.34987886099205334,1.0,0.830175142741908,0.24763141130722174
bimodal_q1_vs_lossy_70_30,14,Random,18.314095811849548,0.1563801797282119,deterministic,0,1000,10,adam,0.34987886099205334,1.0,0.830175142741908,0.24763141130722174
bimodal_q1_vs_lossy_70_30,16,MGF,17.319561719299426,0.00405141735447435,deterministic,0,1000,10,adam,0.34987886099205334,1.0,0.830175142741908,0.24763141130722174
bimodal_q1_vs_lossy_70_30,16,MAF,18.189519875549742,0.020424435687020962,deterministic,0,1000,10,adam,0.34987886099205334,1.0,0.830175142741908,0.24763141130722174
bimodal_q1_vs_lossy_70_30,16,MIEF,17.30244287214854,0.0,deterministic,0,1000,10,adam,0.34987886099205334,1.0,0.830175142741908,0.24763141130722174
bimodal_q1_vs_lossy_70_30,16,Random,18.210999377825644,0.13149673250875785,deterministic,0,1000,10,adam,0.34987886099205334,1.0,0.830175142741908,0.24763141130722174
bimodal_q1_vs_lossy_70_30,18,MGF,17.300850324016675,0.002046533935343077,deterministic,0,1000,10,adam,0.34987886099205334,1.0,0.830175142741908,0.24763141130722174
bimodal_q1_vs_lossy_70_30,18,MAF,18.02689185703489,0.026629009271422987,deterministic,0,1000,10,adam,0.34987886099205334,1.0,0.830175142741908,0.24763141130722174
bimodal_q1_vs_lossy_70_30,18,MIEF,17.275586978834603,0.0,deterministic,0,1000,10,adam,0.34987886099205334,1.0,0.830175142741908,0.24763141130722174
bimodal_q1_vs_lossy_70_30,18,Random,18.105212644708452,0.13397720387139594,deterministic,0,1000,10,adam,0.34987886099205334,1.0,0.830175142741908,0.24763141130722174
bimodal_q1_vs_lossy_70_30,20,MGF,17.28768509093746,0.0038939180999545977,deterministic,0,1000,10,adam,0.34987886099205334,1.0,0.830175142741908,0.24763141130722174
bimodal_q1_vs_lossy_70_30,20,MAF,17.902729872635213,0.012835361123059824,deterministic,0,1000,10,adam,0.34987886099205334,1.0,0.830175142741908,0.24763141130722174
bimodal_q1_vs_lossy_70_30,20,MIEF,17.254867059723825,3.744889033148481e-15,deterministic,0,1000,10,adam,0.34987886099205334,1.0,0.830175142741908,0.24763141130722174
bimodal_q1_vs_lossy_70_30,20,Random,18.00954496849772,0.13529589760491753,deterministic,0,1000,10,adam,0.34987886099205334,1.0,0.830175142741908,0.24763141130722174
trimodal_perfect_mid_low,2,MGF,17.648267050485053,0.04506316847664393,deterministic,0,1000,10,adam,0.26185960477413395,1.0,0.6753381852841963,0.26910722928171493
trimodal_perfect_mid_low,2,MAF,19.50803958185751,0.037669236231248834,deterministic,0,1000,10,adam,0.26185960477413395,1.0,0.6753381852841963,0.26910722928171493
trimodal_perfect_mid_low,2,MIEF,17.648267050485053,0.04506316847664393,deterministic,0,1000,10,adam,0.26185960477413395,1.0,0.6753381852841963,0.26910722928171493
trimodal_perfect_mid_low,2,Random,19.567942792490804,0.14639091712870644,deterministic,0,1000,10,adam,0.26185960477413395,1.0,0.6753381852841963,0.26910722928171493
trimodal_perfect_mid_low,4,MGF,17.6566995787825,0.0438530203856744,deterministic,0,1000,10,adam,0.26185960477413395,1.0,0.6753381852841963,0.26910722928171493
trimodal_perfect_mid_low,4,MAF,19.30365986930751,0.03681605250516897,deterministic,0,1000,10,adam,0.26185960477413395,1.0,0.6753381852841963,0.26910722928171493
trimodal_perfect_mid_low,4,MIEF,17.598180006488434,0.045063168476646306,deterministic,0,1000,10,adam,0.26185960477413395,1.0,0.6753381852841963,0.26910722928171493
trimodal_perfect_mid_low,4,Random,19.361366860341644,0.18083511571198665,deterministic,0,1000,10,adam,0.26185960477413395,1.0,0.6753381852841963,0.26910722928171493
trimodal_perfect_mid_low,6,MGF,17.63046593395025,0.045063168476642164,deterministic,0,1000,10,adam,0.26185960477413395,1.0,0.6753381852841963,0.26910722928171493
trimodal_perfect_mid_low,6,MAF,19.095347245086355,0.05423354589519865,deterministic,0,1000,10,adam,0.26185960477413395,1.0,0.6753381852841963,0.26910722928171493
trimodal_perfect_mid_low,6,MIEF,17.58245172267906,0.045063168476645814,deterministic,0,1000,10,adam,0.26185960477413395,1.0,0.6753381852841963,0.26910722928171493
trimodal_perfect_mid_low,6,Random,19.131496478861433,0.154879922119574,deterministic,0,1000,10,adam,0.26185960477413395,1.0,0.6753381852841963,0.26910722928171493
trimodal_perfect_mid_low,8,MGF,17.606827696377128,0.04504258872804409,deterministic,0,1000,10,adam,0.26185960477413395,1.0,0.6753381852841963,0.26910722928171493
trimodal_perfect_mid_low,8,MAF,18.909863798922498,0.03497598980544145,deterministic,0,1000,10,adam,0.26185960477413395,1.0,0.6753381852841963,0.26910722928171493
trimodal_perfect_mid_low,8,MIEF,17.57364310882305,0.04506316847664429,deterministic,0,1000,10,adam,0.26185960477413395,1.0,0.6753381852841963,0.26910722928171493
trimodal_perfect_mid_low,8,Random,19.00034982218719,0.15557106196124126,deterministic,0,1000,10,adam,0.26185960477413395,1.0,0.6753381852841963,0.26910722928171493
trimodal_perfect_mid_low,10,MGF,17.58646330134949,0.045663245270851145,deterministic,0,1000,10,adam,0.26185960477413395,1.0,0.6753381852841963,0.26910722928171493
trimodal_perfect_mid_low,10,MAF,18.76087727245657,0.043809207213806954,deterministic,0,1000,10,adam,0.26185960477413395,1.0,0.6753381852841963,0.26910722928171493
trimodal_perfect_mid_low,10,MIEF,17.54869947530822,0.0450631684766475,deterministic,0,1000,10,adam,0.26185960477413395,1.0,0.6753381852841963,0.26910722928171493
trimodal_perfect_mid_low,10,Random,18.805566316027523,0.16613918124939556,deterministic,0,1000,10,adam,0.26185960477413395,1.0,0.6753381852841963,0.26910722928171493
trimodal_perfect_mid_low,12,MGF,17.566243445402275,0.04520633422031691,deterministic,0,1000,10,adam,0.26185960477413395,1.0,0.6753381852841963,0.26910722928171493
trimodal_perfect_mid_low,12,MAF,18.63890226838005,0.05623747691536725,deterministic,0,1000,10,adam,0.26185960477413395,1.0,0.6753381852841963,0.26910722928171493
trimodal_perfect_mid_low,12,MIEF,17.527765766241075,0.04506316847664376,deterministic,0,1000,10,adam,0.26185960477413395,1.0,0.6753381852841963,0.26910722928171493
trimodal_perfect_mid_low,12,Random,18.664679230370325,0.1681992863356142,deterministic,0,1000,10,adam,0.26185960477413395,1.0,0.6753381852841963,0.26910722928171493
trimodal_perfect_mid_low,14,MGF,17.564991802789006,0.0451689825364124,deterministic,0,1000,10,adam,0.26185960477413395,1.0,0.6753381852841963,0.26910722928171493
trimodal_perfect_mid_low,14,MAF,18.480320729963715,0.04802318727126999,deterministic,0,1000,10,adam,0.26185960477413395,1.0,0.6753381852841963,0.26910722928171493
trimodal_perfect_mid_low,14,MIEF,17.5089070220553,0.04506316847664421,deterministic,0,1000,10,adam,0.26185960477413395,1.0,0.6753381852841963,0.26910722928171493
trimodal_perfect_mid_low,14,Random,18.544326912275885,0.20302815897804852,deterministic,0,1000,10,adam,0.26185960477413395,1.0,0.6753381852841963,0.26910722928171493
trimodal_perfect_mid_low,16,MGF,17.52934297504918,0.044162730424788105,deterministic,0,1000,10,adam,0.26185960477413395,1.0,0.6753381852841963,0.26910722928171493
trimodal_perfect_mid_low,16,MAF,18.366034562924714,0.04352372240755965,deterministic,0,1000,10,adam,0.26185960477413395,1.0,0.6753381852841963,0.26910722928171493
trimodal_perfect_mid_low,16,MIEF,17.4806850525743,0.04519514915232144,deterministic,0,1000,10,adam,0.26185960477413395,1.0,0.6753381852841963,0.26910722928171493
trimodal_perfect_mid_low,16,Random,18.439436227678268,0.17465648383083976,deterministic,0,1000,10,adam,0.26185960477413395,1.0,0.6753381852841963,0.26910722928171493
trimodal_perfect_mid_low,18,MGF,17.526283145685305,0.04371103114938253,deterministic,0,1000,10,adam,0.26185960477413395,1.0,0.6753381852841963,0.26910722928171493
trimodal_perfect_mid_low,18,MAF,18.256500348729595,0.05081240017313377,deterministic,0,1000,10,adam,0.26185960477413395,1.0,0.6753381852841963,0.26910722928171493
trimodal_perfect_mid_low,18,MIEF,17.46378870805669,0.04508207383280698,deterministic,0,1000,10,adam,0.26185960477413395,1.0,0.6753381852841963,0.26910722928171493
trimodal_perfect_mid_low,18,Random,18.35415951066732,0.19700143748023394,deterministic,0,1000,10,adam,0.26185960477413395,1.0,0.6753381852841963,0.26910722928171493
trimodal_perfect_mid_low,20,MGF,17.47017061295429,0.04582979321484736,deterministic,0,1000,10,adam,0.26185960477413395,1.0,0.6753381852841963,0.26910722928171493
trimodal_perfect_mid_low,20,MAF,18.139033350732884,0.05382354232097473,deterministic,0,1000,10,adam,0.26185960477413395,1.0,0.6753381852841963,0.26910722928171493
trimodal_perfect_mid_low,20,MIEF,17.449264245864864,0.04512035746744331,deterministic,0,1000,10,adam,0.26185960477413395,1.0,0.6753381852841963,0.26910722928171493
trimodal_perfect_mid_low,20,Random,18.28801368413975,0.20435324294903892,deterministic,0,1000,10,adam,0.26185960477413395,1.0,0.6753381852841963,0.26910722928171493
source_split_perfect_or_lossy,2,MGF,18.29007074832407,0.1533601452263664,deterministic,0,1000,10,adam,0.3570799177863657,1.0,0.6814919760666982,0.26601629481536165
source_split_perfect_or_lossy,2,MAF,19.492624523423274,0.04043172371753191,deterministic,0,1000,10,adam,0.3570799177863657,1.0,0.6814919760666982,0.26601629481536165
source_split_perfect_or_lossy,2,MIEF,18.290067218162307,0.15336108914427773,deterministic,0,1000,10,adam,0.3570799177863657,1.0,0.6814919760666982,0.26601629481536165
source_split_perfect_or_lossy,2,Random,19.61399259094331,0.15297821270097167,deterministic,0,1000,10,adam,0.3570799177863657,1.0,0.6814919760666982,0.26601629481536165
source_split_perfect_or_lossy,4,MGF,18.291739958287387,0.1513822393160343,deterministic,0,1000,10,adam,0.3570799177863657,1.0,0.6814919760666982,0.26601629481536165
source_split_perfect_or_lossy,4,MAF,19.30448079380654,0.05166636247643602,deterministic,0,1000,10,adam,0.3570799177863657,1.0,0.6814919760666982,0.26601629481536165
source_split_perfect_or_lossy,4,MIEF,18.236386503175375,0.1533610891442793,deterministic,0,1000,10,adam,0.3570799177863657,1.0,0.6814919760666982,0.26601629481536165
source_split_perfect_or_lossy,4,Random,19.461358780386128,0.19116548282581375,deterministic,0,1000,10,adam,0.3570799177863657,1.0,0.6814919760666982,0.26601629481536165
source_split_perfect_or_lossy,6,MGF,18.267630934982627,0.153361224352777,deterministic,0,1000,10,adam,0.3570799177863657,1.0,0.6814919760666982,0.26601629481536165
source_split_perfect_or_lossy,6,MAF,19.10238759311175,0.054987612123266215,deterministic,0,1000,10,adam,0.3570799177863657,1.0,0.6814919760666982,0.26601629481536165
source_split_perfect_or_lossy,6,MIEF,18.217366447485755,0.1533610891442737,deterministic,0,1000,10,adam,0.3570799177863657,1.0,0.6814919760666982,0.26601629481536165
source_split_perfect_or_lossy,6,Random,19.321592279561578,0.18780981091358678,deterministic,0,1000,10,adam,0.3570799177863657,1.0,0.6814919760666982,0.26601629481536165
source_split_perfect_or_lossy,8,MGF,18.254513646734242,0.1534584716639024,deterministic,0,1000,10,adam,0.3570799177863657,1.0,0.6814919760666982,0.26601629481536165
source_split_perfect_or_lossy,8,MAF,18.966322308190726,0.028868194646179207,deterministic,0,1000,10,adam,0.3570799177863657,1.0,0.6814919760666982,0.26601629481536165
source_split_perfect_or_lossy,8,MIEF,18.208557833629737,0.15336108914428065,deterministic,0,1000,10,adam,0.3570799177863657,1.0,0.6814919760666982,0.26601629481536165
source_split_perfect_or_lossy,8,Random,19.217428978664053,0.17269578611571768,deterministic,0,1000,10,adam,0.3570799177863657,1.0,0.6814919760666982,0.26601629481536165
source_split_perfect_or_lossy,10,MGF,18.22313163890301,0.1537742170959811,deterministic,0,1000,10,adam,0.3570799177863657,1.0,0.6814919760666982,0.26601629481536165
source_split_perfect_or_lossy,10,MAF,18.82025122182632,0.10206905308485457,deterministic,0,1000,10,adam,0.3570799177863657,1.0,0.6814919760666982,0.26601629481536165
source_split_perfect_or_lossy,10,MIEF,18.199749219773715,0.15336108914427843,deterministic,0,1000,10,adam,0.3570799177863657,1.0,0.6814919760666982,0.26601629481536165
source_split_perfect_or_lossy,10,Random,19.056087685239397,0.20939510985719684,deterministic,0,1000,10,adam,0.3570799177863657,1.0,0.6814919760666982,0.26601629481536165
source_split_perfect_or_lossy,12,MGF,18.18841880884188,0.15205118033478227,deterministic,0,1000,10,adam,0.3570799177863657,1.0,0.6814919760666982,0.26601629481536165
source_split_perfect_or_lossy,12,MAF,18.689807596133488,0.09178819776304248,deterministic,0,1000,10,adam,0.3570799177863657,1.0,0.6814919760666982,0.26601629481536165
source_split_perfect_or_lossy,12,MIEF,18.165445112305832,0.15336108914427846,deterministic,0,1000,10,adam,0.3570799177863657,1.0,0.6814919760666982,0.26601629481536165
source_split_perfect_or_lossy,12,Random,18.911850970331077,0.22915398218971697,deterministic,0,1000,10,adam,0.3570799177863657,1.0,0.6814919760666982,0.26601629481536165
source_split_perfect_or_lossy,14,MGF,18.168679729217672,0.15256550354217988,deterministic,0,1000,10,adam,0.3570799177863657,1.0,0.6814919760666982,0.26601629481536165
source_split_perfect_or_lossy,14,MAF,18.607682040407724,0.06720127534470685,deterministic,0,1000,10,adam,0.3570799177863657,1.0,0.6814919760666982,0.26601629481536165
source_split_perfect_or_lossy,14,MIEF,18.144451838901738,0.1533610891442785,deterministic,0,1000,10,adam,0.3570799177863657,1.0,0.6814919760666982,0.26601629481536165
source_split_perfect_or_lossy,14,Random,18.837027461512367,0.22343000125960696,deterministic,0,1000,10,adam,0.3570799177863657,1.0,0.6814919760666982,0.26601629481536165
source_split_perfect_or_lossy,16,MGF,18.17098050455897,0.15304167577750588,deterministic,0,1000,10,adam,0.3570799177863657,1.0,0.6814919760666982,0.26601629481536165
source_split_perfect_or_lossy,16,MAF,18.540153624319377,0.07570194891417303,deterministic,0,1000,10,adam,0.3570799177863657,1.0,0.6814919760666982,0.26601629481536165
source_split_perfect_or_lossy,16,MIEF,18.125593094715974,0.15336108914427438,deterministic,0,1000,10,adam,0.3570799177863657,1.0,0.6814919760666982,0.26601629481536165
source_split_perfect_or_lossy,16,Random,18.758737736412762,0.20191311940140982,deterministic,0,1000,10,adam,0.3570799177863657,1.0,0.6814919760666982,0.26601629481536165
source_split_perfect_or_lossy,18,MGF,18.14379604989009,0.15442637837581188,deterministic,0,1000,10,adam,0.3570799177863657,1.0,0.6814919760666982,0.26601629481536165
source_split_perfect_or_lossy,18,MAF,18.4375225778745,0.10078381165724119,deterministic,0,1000,10,adam,0.3570799177863657,1.0,0.6814919760666982,0.26601629481536165
source_split_perfect_or_lossy,18,MIEF,18.10673435053022,0.15336108914427984,deterministic,0,1000,10,adam,0.3570799177863657,1.0,0.6814919760666982,0.26601629481536165
source_split_perfect_or_lossy,18,Random,18.714966337170686,0.2065112361101002,deterministic,0,1000,10,adam,0.3570799177863657,1.0,0.6814919760666982,0.26601629481536165
source_split_perfect_or_lossy,20,MGF,18.140518816150728,0.15203335773020635,deterministic,0,1000,10,adam,0.3570799177863657,1.0,0.6814919760666982,0.26601629481536165
source_split_perfect_or_lossy,20,MAF,18.369201820473048,0.09569323929807552,deterministic,0,1000,10,adam,0.3570799177863657,1.0,0.6814919760666982,0.26601629481536165
source_split_perfect_or_lossy,20,MIEF,18.078075040693687,0.15377967819598018,deterministic,0,1000,10,adam,0.3570799177863657,1.0,0.6814919760666982,0.26601629481536165
source_split_perfect_or_lossy,20,Random,18.660058461592808,0.2125219630118766,deterministic,0,1000,10,adam,0.3570799177863657,1.0,0.6814919760666982,0.26601629481536165
adversarial_perfect_with_critical_lossy,2,MGF,17.473809887417875,0.0,deterministic,0,1000,10,adam,1.0,1.0,1.0,0.0
adversarial_perfect_with_critical_lossy,2,MAF,19.374931504453517,0.0,deterministic,0,1000,10,adam,1.0,1.0,1.0,0.0
adversarial_perfect_with_critical_lossy,2,MIEF,17.473809887417875,0.0,deterministic,0,1000,10,adam,1.0,1.0,1.0,0.0
adversarial_perfect_with_critical_lossy,2,Random,19.485925125327014,0.13048737870436367,deterministic,0,1000,10,adam,1.0,1.0,1.0,0.0
adversarial_perfect_with_critical_lossy,4,MGF,17.468563001895244,3.744889033148481e-15,deterministic,0,1000,10,adam,1.0,1.0,1.0,0.0
adversarial_perfect_with_critical_lossy,4,MAF,19.04729941435621,0.0,deterministic,0,1000,10,adam,1.0,1.0,1.0,0.0
adversarial_perfect_with_critical_lossy,4,MIEF,17.409614981140646,3.744889033148481e-15,deterministic,0,1000,10,adam,1.0,1.0,1.0,0.0
adversarial_perfect_with_critical_lossy,4,Random,19.230393806144633,0.14837290529191322,deterministic,0,1000,10,adam,1.0,1.0,1.0,0.0
adversarial_perfect_with_critical_lossy,6,MGF,17.469555299800216,0.0,deterministic,0,1000,10,adam,1.0,1.0,1.0,0.0
adversarial_perfect_with_critical_lossy,6,MAF,18.779227227840657,0.0,deterministic,0,1000,10,adam,1.0,1.0,1.0,0.0
adversarial_perfect_with_critical_lossy,6,MIEF,17.36024209855904,0.0,deterministic,0,1000,10,adam,1.0,1.0,1.0,0.0
adversarial_perfect_with_critical_lossy,6,Random,18.95505205026115,0.1543960855583806,deterministic,0,1000,10,adam,1.0,1.0,1.0,0.0
adversarial_perfect_with_critical_lossy,8,MGF,17.40983479851268,3.744889033148481e-15,deterministic,0,1000,10,adam,1.0,1.0,1.0,0.0
adversarial_perfect_with_critical_lossy,8,MAF,18.55564413257386,0.0,deterministic,0,1000,10,adam,1.0,1.0,1.0,0.0
adversarial_perfect_with_critical_lossy,8,MIEF,17.330736097408625,3.744889033148481e-15,deterministic,0,1000,10,adam,1.0,1.0,1.0,0.0
adversarial_perfect_with_critical_lossy,8,Random,18.79086568429067,0.15079341617589925,deterministic,0,1000,10,adam,1.0,1.0,1.0,0.0
adversarial_perfect_with_critical_lossy,10,MGF,17.39565012924908,0.0,deterministic,0,1000,10,adam,1.0,1.0,1.0,0.0
adversarial_perfect_with_critical_lossy,10,MAF,18.40627499169978,3.744889033148481e-15,deterministic,0,1000,10,adam,1.0,1.0,1.0,0.0
adversarial_perfect_with_critical_lossy,10,MIEF,17.3131938645627,0.0,deterministic,0,1000,10,adam,1.0,1.0,1.0,0.0
adversarial_perfect_with_critical_lossy,10,Random,18.58682613986283,0.14299086827860466,deterministic,0,1000,10,adam,1.0,1.0,1.0,0.0
adversarial_perfect_with_critical_lossy,12,MGF,17.372784444631414,0.0,deterministic,0,1000,10,adam,1.0,1.0,1.0,0.0
adversarial_perfect_with_critical_lossy,12,MAF,18.241023299802407,0.0,deterministic,0,1000,10,adam,1.0,1.0,1.0,0.0
adversarial_perfect_with_critical_lossy,12,MIEF,17.298943403597043,0.0,deterministic,0,1000,10,adam,1.0,1.0,1.0,0.0
adversarial_perfect_with_critical_lossy,12,Random,18.415871910460176,0.10837599660349345,deterministic,0,1000,10,adam,1.0,1.0,1.0,0.0
adversarial_perfect_with_critical_lossy,14,MGF,17.33595138237672,0.0,deterministic,0,1000,10,adam,1.0,1.0,1.0,0.0
adversarial_perfect_with_critical_lossy,14,MAF,18.186247618870908,0.0,deterministic,0,1000,10,adam,1.0,1.0,1.0,0.0
adversarial_perfect_with_critical_lossy,14,MIEF,17.290134789741025,3.744889033148481e-15,deterministic,0,1000,10,adam,1.0,1.0,1.0,0.0
adversarial_perfect_with_critical_lossy,14,Random,18.281585888843654,0.15513230290272012,deterministic,0,1000,10,adam,1.0,1.0,1.0,0.0
adversarial_perfect_with_critical_lossy,16,MGF,17.35489930510085,0.0,deterministic,0,1000,10,adam,1.0,1.0,1.0,0.0
adversarial_perfect_with_critical_lossy,16,MAF,17.974515750665326,0.0,deterministic,0,1000,10,adam,1.0,1.0,1.0,0.0
adversarial_perfect_with_critical_lossy,16,MIEF,17.281326175885006,3.744889033148481e-15,deterministic,0,1000,10,adam,1.0,1.0,1.0,0.0
adversarial_perfect_with_critical_lossy,16,Random,18.175828773296793,0.12900435794092582,deterministic,0,1000,10,adam,1.0,1.0,1.0,0.0
adversarial_perfect_with_critical_lossy,18,MGF,17.28059392430956,0.0,deterministic,0,1000,10,adam,1.0,1.0,1.0,0.0
adversarial_perfect_with_critical_lossy,18,MAF,17.862799545445032,0.0,deterministic,0,1000,10,adam,1.0,1.0,1.0,0.0
adversarial_perfect_with_critical_lossy,18,MIEF,17.272517562028987,3.744889033148481e-15,deterministic,0,1000,10,adam,1.0,1.0,1.0,0.0
adversarial_perfect_with_critical_lossy,18,Random,18.06819475293662,0.13194651272405583,deterministic,0,1000,10,adam,1.0,1.0,1.0,0.0
adversarial_perfect_with_critical_lossy,20,MGF,17.25909059513956,3.744889033148481e-15,deterministic,0,1000,10,adam,1.0,1.0,1.0,0.0
adversarial_perfect_with_critical_lossy,20,MAF,17.84576091138212,0.0,deterministic,0,1000,10,adam,1.0,1.0,1.0,0.0
adversarial_perfect_with_critical_lossy,20,MIEF,17.263708948172983,3.744889033148481e-15,deterministic,0,1000,10,adam,1.0,1.0,1.0,0.0
adversarial_perfect_with_critical_lossy,20,Random,17.970372482019414,0.13435321379188797,deterministic,0,1000,10,adam,1.0,1.0,1.0,0.0
