profile,M,policy,mean_error,std_error,weights_mode,seed,titer,mc_trials,subgradient_method,q_min,q_max,q_mean,q_std
uniform_wide,2,MGF,81.19334434574502,27.38485948020374,ones,0,1000,10,adam,0.35172525510719327,0.939095626986294,0.6833623385697012,0.21044703810169754
uniform_wide,2,MAF,102.39250124077742,31.066443354980343,ones,0,1000,10,adam,0.35172525510719327,0.939095626986294,0.6833623385697012,0.21044703810169754
uniform_wide,2,MIEF,86.13597485988157,25.18390432447245,ones,0,1000,10,adam,0.35172525510719327,0.939095626986294,0.6833623385697012,0.21044703810169754
uniform_wide,2,Random,1489.5930089690833,948.8761261558526,ones,0,1000,10,adam,0.35172525510719327,0.939095626986294,0.6833623385697012,0.21044703810169754
uniform_wide,4,MGF,75.57972946636315,4.7373782969211335,ones,0,1000,10,adam,0.35172525510719327,0.9782422595472029,0.6790019710137102,0.19061448441489814
uniform_wide,4,MAF,92.55071414661542,7.357382097390217,ones,0,1000,10,adam,0.35172525510719327,0.9782422595472029,0.6790019710137102,0.19061448441489814
uniform_wide,4,MIEF,78.42312232970616,5.177761910317126,ones,0,1000,10,adam,0.35172525510719327,0.9782422595472029,0.6790019710137102,0.19061448441489814
uniform_wide,4,Random,996.004751435222,375.27616894635815,ones,0,1000,10,adam,0.35172525510719327,0.9782422595472029,0.6790019710137102,0.19061448441489814
uniform_wide,6,MGF,79.74993860213408,2.476919297964904,ones,0,1000,10,adam,0.35172525510719327,0.9782422595472029,0.6802051971259905,0.18662800819219028
uniform_wide,6,MAF,112.64344133262622,12.548064518930685,ones,0,1000,10,adam,0.35172525510719327,0.9782422595472029,0.6802051971259905,0.18662800819219028
uniform_wide,6,MIEF,88.22280271248319,4.766988128717571,ones,0,1000,10,adam,0.35172525510719327,0.9782422595472029,0.6802051971259905,0.18662800819219028
uniform_wide,6,Random,2235.402125911437,549.9077777849952,ones,0,1000,10,adam,0.35172525510719327,0.9782422595472029,0.6802051971259905,0.18662800819219028
uniform_wide,8,MGF,106.89663811187802,11.596705498357897,ones,0,1000,10,adam,0.35172525510719327,0.9782422595472029,0.6626581877898834,0.1861296943739391
uniform_wide,8,MAF,233.50290615734076,40.11250942194762,ones,0,1000,10,adam,0.35172525510719327,0.9782422595472029,0.6626581877898834,0.1861296943739391
uniform_wide,8,MIEF,142.74055606734368,85.89093835392468,ones,0,1000,10,adam,0.35172525510719327,0.9782422595472029,0.6626581877898834,0.1861296943739391
uniform_wide,8,Random,2839.839023603624,693.2855836368186,ones,0,1000,10,adam,0.35172525510719327,0.9782422595472029,0.6626581877898834,0.1861296943739391
uniform_wide,10,MGF,110.97521526437325,2.5044567997444673,ones,0,1000,10,adam,0.35172525510719327,0.9782422595472029,0.6809830602056709,0.18246413519700477
uniform_wide,10,MAF,459.51124420339954,116.8905073431911,ones,0,1000,10,adam,0.35172525510719327,0.9782422595472029,0.6809830602056709,0.18246413519700477
uniform_wide,10,MIEF,131.05158885099752,18.89634600984193,ones,0,1000,10,adam,0.35172525510719327,0.9782422595472029,0.6809830602056709,0.18246413519700477
uniform_wide,10,Random,4223.804122629868,975.247084203394,ones,0,1000,10,adam,0.35172525510719327,0.9782422595472029,0.6809830602056709,0.18246413519700477
uniform_wide,12,MGF,118.79710459828974,3.501569559774654,ones,0,1000,10,adam,0.35172525510719327,0.9782422595472029,0.6967666105439166,0.18912930650655985
uniform_wide,12,MAF,966.2655173553261,236.7667928557392,ones,0,1000,10,adam,0.35172525510719327,0.9782422595472029,0.6967666105439166,0.18912930650655985
uniform_wide,12,MIEF,139.9894127803453,19.159885329345443,ones,0,1000,10,adam,0.35172525510719327,0.9782422595472029,0.6967666105439166,0.18912930650655985
uniform_wide,12,Random,5022.703474162646,674.6245746890686,ones,0,1000,10,adam,0.35172525510719327,0.9782422595472029,0.6967666105439166,0.18912930650655985
uniform_wide,14,MGF,132.6039540807903,3.497069110912414,ones,0,1000,10,adam,0.35172525510719327,0.9782422595472029,0.6878675917923905,0.19232998482975577
uniform_wide,14,MAF,1948.8305864899364,276.53338990682175,ones,0,1000,10,adam,0.35172525510719327,0.9782422595472029,0.6878675917923905,0.19232998482975577
uniform_wide,14,MIEF,158.98775962088527,14.865114127573856,ones,0,1000,10,adam,0.35172525510719327,0.9782422595472029,0.6878675917923905,0.19232998482975577
uniform_wide,14,Random,5085.320243070795,548.7691651706716,ones,0,1000,10,adam,0.35172525510719327,0.9782422595472029,0.6878675917923905,0.19232998482975577
uniform_wide,16,MGF,142.01087453438913,10.11110503535675,ones,0,1000,10,adam,0.35172525510719327,0.9782422595472029,0.6878616472358329,0.18853947718418046
uniform_wide,16,MAF,2867.445369583606,319.03129197512004,ones,0,1000,10,adam,0.35172525510719327,0.9782422595472029,0.6878616472358329,0.18853947718418046
uniform_wide,16,MIEF,170.443933735162,18.861803448983622,ones,0,1000,10,adam,0.35172525510719327,0.9782422595472029,0.6878616472358329,0.18853947718418046
uniform_wide,16,Random,5790.037451867391,453.47532585818567,ones,0,1000,10,adam,0.35172525510719327,0.9782422595472029,0.6878616472358329,0.18853947718418046
uniform_wide,18,MGF,157.00355287181728,8.955091853892712,ones,0,1000,10,adam,0.35172525510719327,0.9782422595472029,0.682659840741748,0.19041309901292353
uniform_wide,18,MAF,4929.148199009531,613.5948131386735,ones,0,1000,10,adam,0.35172525510719327,0.9782422595472029,0.682659840741748,0.19041309901292353
uniform_wide,18,MIEF,200.99540728092566,21.63523176299961,ones,0,1000,10,adam,0.35172525510719327,0.9782422595472029,0.682659840741748,0.19041309901292353
uniform_wide,18,Random,6279.465149753748,450.5786417698242,ones,0,1000,10,adam,0.35172525510719327,0.9782422595472029,0.682659840741748,0.19041309901292353
uniform_wide,20,MGF,186.78636655290643,11.294123849336142,ones,0,1000,10,adam,0.35172525510719327,0.9782422595472029,0.6910627557164845,0.1902503139999702
uniform_wide,20,MAF,5888.438149072607,187.1923552292791,ones,0,1000,10,adam,0.35172525510719327,0.9782422595472029,0.6910627557164845,0.1902503139999702
uniform_wide,20,MIEF,245.9832049645304,44.7366289807609,ones,0,1000,10,adam,0.35172525510719327,0.9782422595472029,0.6910627557164845,0.1902503139999702
uniform_wide,20,Random,6836.605928830015,671.0451466824253,ones,0,1000,10,adam,0.35172525510719327,0.9782422595472029,0.6910627557164845,0.1902503139999702
uniform_low,2,MGF,94.06953501577999,24.12808727339924,ones,0,1000,10,adam,0.3509584750595518,0.6772753483257188,0.5352012992053896,0.11691502116760974
uniform_low,2,MAF,153.40146620739176,71.15183149864535,ones,0,1000,10,adam,0.3509584750595518,0.6772753483257188,0.5352012992053896,0.11691502116760974
uniform_low,2,MIEF,106.23183500851569,25.83505225575372,ones,0,1000,10,adam,0.3509584750595518,0.6772753483257188,0.5352012992053896,0.11691502116760974
uniform_low,2,Random,2033.4234290823838,1246.4375650977129,ones,0,1000,10,adam,0.3509584750595518,0.6772753483257188,0.5352012992053896,0.11691502116760974
uniform_low,4,MGF,87.55194142287993,3.7340879172779236,ones,0,1000,10,adam,0.3509584750595518,0.6990234775262238,0.5327788727853945,0.10589693578605454
uniform_low,4,MAF,143.63015014441842,51.2208340411534,ones,0,1000,10,adam,0.3509584750595518,0.6990234775262238,0.5327788727853945,0.10589693578605454
uniform_low,4,MIEF,97.75143410836375,6.962437678840806,ones,0,1000,10,adam,0.3509584750595518,0.6990234775262238,0.5327788727853945,0.10589693578605454
uniform_low,4,Random,1610.7107400759983,495.98499583075215,ones,0,1000,10,adam,0.3509584750595518,0.6990234775262238,0.5327788727853945,0.10589693578605454
uniform_low,6,MGF,100.47019789592997,15.958979765246417,ones,0,1000,10,adam,0.3509584750595518,0.6990234775262238,0.5334473317366615,0.10368222677343905
uniform_low,6,MAF,201.13286592133915,50.83862625633145,ones,0,1000,10,adam,0.3509584750595518,0.6990234775262238,0.5334473317366615,0.10368222677343905
uniform_low,6,MIEF,119.44007518590391,29.224067276591803,ones,0,1000,10,adam,0.3509584750595518,0.6990234775262238,0.5334473317366615,0.10368222677343905
uniform_low,6,Random,3171.685259709822,724.7290916484014,ones,0,1000,10,adam,0.3509584750595518,0.6990234775262238,0.5334473317366615,0.10368222677343905
uniform_low,8,MGF,135.99996476126157,45.17339686418715,ones,0,1000,10,adam,0.3509584750595518,0.6990234775262238,0.5236989932166018,0.1034053857632995
uniform_low,8,MAF,479.6389270900401,137.49428299961602,ones,0,1000,10,adam,0.3509584750595518,0.6990234775262238,0.5236989932166018,0.1034053857632995
uniform_low,8,MIEF,165.10570183778177,86.19612940533383,ones,0,1000,10,adam,0.3509584750595518,0.6990234775262238,0.5236989932166018,0.1034053857632995
uniform_low,8,Random,4004.481625211544,924.7763049632158,ones,0,1000,10,adam,0.3509584750595518,0.6990234775262238,0.5236989932166018,0.1034053857632995
uniform_low,10,MGF,130.5558470427527,7.427382098521003,ones,0,1000,10,adam,0.3509584750595518,0.6990234775262238,0.5338794778920395,0.10136896399833598
uniform_low,10,MAF,1154.928867791522,218.337684126044,ones,0,1000,10,adam,0.3509584750595518,0.6990234775262238,0.5338794778920395,0.10136896399833598
uniform_low,10,MIEF,160.6719641936486,18.622331446189857,ones,0,1000,10,adam,0.3509584750595518,0.6990234775262238,0.5338794778920395,0.10136896399833598
uniform_low,10,Random,5336.914722063071,1032.2764940806576,ones,0,1000,10,adam,0.3509584750595518,0.6990234775262238,0.5338794778920395,0.10136896399833598
uniform_low,12,MGF,142.07068304657378,9.00961190176326,ones,0,1000,10,adam,0.3509584750595518,0.6990234775262238,0.5426481169688425,0.10507183694808879
uniform_low,12,MAF,2444.4364226267908,518.8824274009048,ones,0,1000,10,adam,0.3509584750595518,0.6990234775262238,0.5426481169688425,0.10507183694808879
uniform_low,12,MIEF,172.08821200094548,30.166189330222437,ones,0,1000,10,adam,0.3509584750595518,0.6990234775262238,0.5426481169688425,0.10507183694808879
uniform_low,12,Random,6047.21689379607,773.6088558083228,ones,0,1000,10,adam,0.3509584750595518,0.6990234775262238,0.5426481169688425,0.10507183694808879
uniform_low,14,MGF,171.62421517951697,18.060340404224448,ones,0,1000,10,adam,0.3509584750595518,0.6990234775262238,0.5377042176624391,0.10684999157208654
uniform_low,14,MAF,4071.714377870047,866.7879065154485,ones,0,1000,10,adam,0.3509584750595518,0.6990234775262238,0.5377042176624391,0.10684999157208654
uniform_low,14,MIEF,221.02314034579263,63.6550261099055,ones,0,1000,10,adam,0.3509584750595518,0.6990234775262238,0.5377042176624391,0.10684999157208654
uniform_low,14,Random,6401.826797048929,622.3488623197061,ones,0,1000,10,adam,0.3509584750595518,0.6990234775262238,0.5377042176624391,0.10684999157208654
uniform_low,16,MGF,188.54869680536794,22.83994751700751,ones,0,1000,10,adam,0.3509584750595518,0.6990234775262238,0.5377009151310183,0.10474415399121136
uniform_low,16,MAF,5564.717218054953,635.3876275685719,ones,0,1000,10,adam,0.3509584750595518,0.6990234775262238,0.5377009151310183,0.10474415399121136
uniform_low,16,MIEF,239.77950251323756,23.726085515254987,ones,0,1000,10,adam,0.3509584750595518,0.6990234775262238,0.5377009151310183,0.10474415399121136
uniform_low,16,Random,7085.267871162841,540.5932443724538,ones,0,1000,10,adam,0.3509584750595518,0.6990234775262238,0.5377009151310183,0.10474415399121136
uniform_low,18,MGF,216.5449662728557,32.71010312733508,ones,0,1000,10,adam,0.3509584750595518,0.6990234775262238,0.5348110226343044,0.10578505500717973
uniform_low,18,MAF,6185.935311862831,140.17127837399062,ones,0,1000,10,adam,0.3509584750595518,0.6990234775262238,0.5348110226343044,0.10578505500717973
uniform_low,18,MIEF,350.8057463414948,57.14492744582393,ones,0,1000,10,adam,0.3509584750595518,0.6990234775262238,0.5348110226343044,0.10578505500717973
uniform_low,18,Random,7289.08181440382,322.52439050369674,ones,0,1000,10,adam,0.3509584750595518,0.6990234775262238,0.5348110226343044,0.10578505500717973
uniform_low,20,MGF,298.59180789997447,78.06765606152946,ones,0,1000,10,adam,0.3509584750595518,0.6990234775262238,0.5394793087313804,0.10569461888887233
uniform_low,20,MAF,6790.967335137774,701.4371555353515,ones,0,1000,10,adam,0.3509584750595518,0.6990234775262238,0.5394793087313804,0.10569461888887233
uniform_low,20,MIEF,449.58437289631183,136.2316690080567,ones,0,1000,10,adam,0.3509584750595518,0.6990234775262238,0.5394793087313804,0.10569461888887233
uniform_low,20,Random,7900.155521166443,638.4526659636942,ones,0,1000,10,adam,0.3509584750595518,0.6990234775262238,0.5394793087313804,0.10569461888887233
uniform_mid,2,MGF,68.88609047543366,4.021344106533247,ones,0,1000,10,adam,0.5508215500510445,0.8305217271363304,0.7087439707474767,0.10021287528652263
uniform_mid,2,MAF,77.16292207583786,6.614848812706211,ones,0,1000,10,adam,0.5508215500510445,0.8305217271363304,0.7087439707474767,0.10021287528652263
uniform_mid,2,MIEF,71.02197494589468,3.529331411998032,ones,0,1000,10,adam,0.5508215500510445,0.8305217271363304,0.7087439707474767,0.10021287528652263
uniform_mid,2,Random,991.7962593614366,550.6691114027906,ones,0,1000,10,adam,0.5508215500510445,0.8305217271363304,0.7087439707474767,0.10021287528652263
uniform_mid,4,MGF,69.63308107778145,2.1696918585547786,ones,0,1000,10,adam,0.5508215500510445,0.8491629807367633,0.706667605244624,0.09076880210233244
uniform_mid,4,MAF,78.75431442609167,7.125955254372799,ones,0,1000,10,adam,0.5508215500510445,0.8491629807367633,0.706667605244624,0.09076880210233244
uniform_mid,4,MIEF,70.34336309995174,3.2596111065839257,ones,0,1000,10,adam,0.5508215500510445,0.8491629807367633,0.706667605244624,0.09076880210233244
uniform_mid,4,Random,745.7689037801803,374.84110396874456,ones,0,1000,10,adam,0.5508215500510445,0.8491629807367633,0.706667605244624,0.09076880210233244
uniform_mid,6,MGF,76.42961724259945,3.156312366089541,ones,0,1000,10,adam,0.5508215500510445,0.8491629807367633,0.7072405700599954,0.08887048009151917
uniform_mid,6,MAF,94.75147020872234,8.874463184256541,ones,0,1000,10,adam,0.5508215500510445,0.8491629807367633,0.7072405700599954,0.08887048009151917
uniform_mid,6,MIEF,82.77540534108293,3.667987093656725,ones,0,1000,10,adam,0.5508215500510445,0.8491629807367633,0.7072405700599954,0.08887048009151917
uniform_mid,6,Random,1959.8747431800239,558.5157077064532,ones,0,1000,10,adam,0.5508215500510445,0.8491629807367633,0.7072405700599954,0.08887048009151917
uniform_mid,8,MGF,95.54650848162505,2.7700595541204884,ones,0,1000,10,adam,0.5508215500510445,0.8491629807367633,0.6988848513285159,0.08863318779711385
uniform_mid,8,MAF,152.95283519317826,15.011322096090426,ones,0,1000,10,adam,0.5508215500510445,0.8491629807367633,0.6988848513285159,0.08863318779711385
uniform_mid,8,MIEF,100.82023609696333,3.8464146621638244,ones,0,1000,10,adam,0.5508215500510445,0.8491629807367633,0.6988848513285159,0.08863318779711385
uniform_mid,8,Random,2350.962655566365,509.6387660496502,ones,0,1000,10,adam,0.5508215500510445,0.8491629807367633,0.6988848513285159,0.08863318779711385
uniform_mid,10,MGF,109.52777599687504,3.708107221363562,ones,0,1000,10,adam,0.5508215500510445,0.8491629807367633,0.7076109810503195,0.08688768342714512
uniform_mid,10,MAF,293.4186106544468,57.86807207596748,ones,0,1000,10,adam,0.5508215500510445,0.8491629807367633,0.7076109810503195,0.08688768342714512
uniform_mid,10,MIEF,116.60407988301895,3.3643615279192924,ones,0,1000,10,adam,0.5508215500510445,0.8491629807367633,0.7076109810503195,0.08688768342714512
uniform_mid,10,Random,4043.95517656241,867.1487491069738,ones,0,1000,10,adam,0.5508215500510445,0.8491629807367633,0.7076109810503195,0.08688768342714512
uniform_mid,12,MGF,119.93868820295953,3.323775840511448,ones,0,1000,10,adam,0.5508215500510445,0.8491629807367633,0.715126957401865,0.09006157452693324
uniform_mid,12,MAF,512.0066857406366,81.85567639034178,ones,0,1000,10,adam,0.5508215500510445,0.8491629807367633,0.715126957401865,0.09006157452693324
uniform_mid,12,MIEF,126.84553939649038,5.276219759259756,ones,0,1000,10,adam,0.5508215500510445,0.8491629807367633,0.715126957401865,0.09006157452693324
uniform_mid,12,Random,4693.209300570314,699.042072521848,ones,0,1000,10,adam,0.5508215500510445,0.8491629807367633,0.715126957401865,0.09006157452693324
uniform_mid,14,MGF,142.1383213312585,5.024191882414272,ones,0,1000,10,adam,0.5508215500510445,0.8491629807367633,0.710889329424948,0.09158570706178844
uniform_mid,14,MAF,1082.465441489563,178.45983376000453,ones,0,1000,10,adam,0.5508215500510445,0.8491629807367633,0.710889329424948,0.09158570706178844
uniform_mid,14,MIEF,144.6187184471051,7.067112426404736,ones,0,1000,10,adam,0.5508215500510445,0.8491629807367633,0.710889329424948,0.09158570706178844
uniform_mid,14,Random,4820.133540998282,566.9474573039463,ones,0,1000,10,adam,0.5508215500510445,0.8491629807367633,0.710889329424948,0.09158570706178844
uniform_mid,16,MGF,138.35842249761853,6.997352694406709,ones,0,1000,10,adam,0.5508215500510445,0.8491629807367633,0.7108864986837299,0.08978070342103829
uniform_mid,16,MAF,2119.636493519269,302.9672025607398,ones,0,1000,10,adam,0.5508215500510445,0.8491629807367633,0.7108864986837299,0.08978070342103829
uniform_mid,16,MIEF,162.7215950146297,7.49402256056023,ones,0,1000,10,adam,0.5508215500510445,0.8491629807367633,0.7108864986837299,0.08978070342103829
uniform_mid,16,Random,5659.288773739556,350.9212642928934,ones,0,1000,10,adam,0.5508215500510445,0.8491629807367633,0.7108864986837299,0.08978070342103829
uniform_mid,18,MGF,159.73012649676133,10.353606513671942,ones,0,1000,10,adam,0.5508215500510445,0.8491629807367633,0.708409447972261,0.09067290429186832
uniform_mid,18,MAF,3183.8820678366947,508.52683414202545,ones,0,1000,10,adam,0.5508215500510445,0.8491629807367633,0.708409447972261,0.09067290429186832
uniform_mid,18,MIEF,186.66481436119852,14.92764158221546,ones,0,1000,10,adam,0.5508215500510445,0.8491629807367633,0.708409447972261,0.09067290429186832
uniform_mid,18,Random,6136.979214276005,429.978204166647,ones,0,1000,10,adam,0.5508215500510445,0.8491629807367633,0.708409447972261,0.09067290429186832
uniform_mid,20,MGF,157.65524154583713,10.922769400517426,ones,0,1000,10,adam,0.5508215500510445,0.8491629807367633,0.712410836055469,0.0905953876190334
uniform_mid,20,MAF,5144.766907796962,688.1953120680009,ones,0,1000,10,adam,0.5508215500510445,0.8491629807367633,0.712410836055469,0.0905953876190334
uniform_mid,20,MIEF,202.5098938241502,12.876726526294528,ones,0,1000,10,adam,0.5508215500510445,0.8491629807367633,0.712410836055469,0.0905953876190334
uniform_mid,20,Random,6654.2229890863455,702.516275040943,ones,0,1000,10,adam,0.5508215500510445,0.8491629807367633,0.712410836055469,0.0905953876190334
uniform_very_wide,2,MGF,94.62541524534245,25.390530544088335,ones,0,1000,10,adam,0.20216341513441702,0.938707214792337,0.6180257896350222,0.2638939049211763
uniform_very_wide,2,MAF,177.9608151038613,49.02929027720104,ones,0,1000,10,adam,0.20216341513441702,0.938707214792337,0.6180257896350222,0.2638939049211763
uniform_very_wide,2,MIEF,122.91635376236347,38.81832026922549,ones,0,1000,10,adam,0.20216341513441702,0.938707214792337,0.6180257896350222,0.2638939049211763
uniform_very_wide,2,Random,1711.4123866942514,980.9432690626608,ones,0,1000,10,adam,0.20216341513441702,0.938707214792337,0.6180257896350222,0.2638939049211763
uniform_very_wide,4,MGF,88.61844446368475,12.821639746613883,ones,0,1000,10,adam,0.20216341513441702,0.9877958492734769,0.6125580271441762,0.23902451220280882
uniform_very_wide,4,MAF,179.4577457305052,76.03923950844688,ones,0,1000,10,adam,0.20216341513441702,0.9877958492734769,0.6125580271441762,0.23902451220280882
uniform_very_wide,4,MIEF,123.64216423883704,57.21179069884172,ones,0,1000,10,adam,0.20216341513441702,0.9877958492734769,0.6125580271441762,0.23902451220280882
uniform_very_wide,4,Random,1515.3166880152726,362.8781360086201,ones,0,1000,10,adam,0.20216341513441702,0.9877958492734769,0.6125580271441762,0.23902451220280882
uniform_very_wide,6,MGF,105.10323295496846,35.596398941289635,ones,0,1000,10,adam,0.20216341513441702,0.9877958492734769,0.6140668344913216,0.23402559757433386
uniform_very_wide,6,MAF,200.52062675361128,64.93590718351273,ones,0,1000,10,adam,0.20216341513441702,0.9877958492734769,0.6140668344913216,0.23402559757433386
uniform_very_wide,6,MIEF,166.4921238891974,123.77868391004256,ones,0,1000,10,adam,0.20216341513441702,0.9877958492734769,0.6140668344913216,0.23402559757433386
uniform_very_wide,6,Random,2610.646033130047,501.0662297543949,ones,0,1000,10,adam,0.20216341513441702,0.9877958492734769,0.6140668344913216,0.23402559757433386
uniform_very_wide,8,MGF,151.9035298370142,53.1807573210228,ones,0,1000,10,adam,0.20216341513441702,0.9877958492734769,0.5920634418317587,0.23340072786573315
uniform_very_wide,8,MAF,587.6762958819105,202.25474683183933,ones,0,1000,10,adam,0.20216341513441702,0.9877958492734769,0.5920634418317587,0.23340072786573315
uniform_very_wide,8,MIEF,210.6569116342072,107.18618336118509,ones,0,1000,10,adam,0.20216341513441702,0.9877958492734769,0.5920634418317587,0.23340072786573315
uniform_very_wide,8,Random,3582.6931782047022,916.2000399303658,ones,0,1000,10,adam,0.20216341513441702,0.9877958492734769,0.5920634418317587,0.23340072786573315
uniform_very_wide,10,MGF,148.5140111832347,59.09131788830982,ones,0,1000,10,adam,0.20216341513441702,0.9877958492734769,0.6150422500991749,0.22880423302481553
uniform_very_wide,10,MAF,1243.202482619458,381.33711042958686,ones,0,1000,10,adam,0.20216341513441702,0.9877958492734769,0.6150422500991749,0.22880423302481553
uniform_very_wide,10,MIEF,218.45612443517945,101.85371635792764,ones,0,1000,10,adam,0.20216341513441702,0.9877958492734769,0.6150422500991749,0.22880423302481553
uniform_very_wide,10,Random,4924.286750777335,1164.2653273747294,ones,0,1000,10,adam,0.20216341513441702,0.9877958492734769,0.6150422500991749,0.22880423302481553
uniform_very_wide,12,MGF,141.8243533801751,22.90241005774916,ones,0,1000,10,adam,0.20216341513441702,0.9877958492734769,0.6348343211582448,0.23716214625425758
uniform_very_wide,12,MAF,2510.1568926579494,891.683712648438,ones,0,1000,10,adam,0.20216341513441702,0.9877958492734769,0.6348343211582448,0.23716214625425758
uniform_very_wide,12,MIEF,192.41250233272038,90.13726211047295,ones,0,1000,10,adam,0.20216341513441702,0.9877958492734769,0.6348343211582448,0.23716214625425758
uniform_very_wide,12,Random,5538.577163467056,733.8187207915538,ones,0,1000,10,adam,0.20216341513441702,0.9877958492734769,0.6348343211582448,0.23716214625425758
uniform_very_wide,14,MGF,152.923938414509,11.72674244034736,ones,0,1000,10,adam,0.20216341513441702,0.9877958492734769,0.6236752341523628,0.24117569526270963
uniform_very_wide,14,MAF,3569.70727596593,574.3804323499247,ones,0,1000,10,adam,0.20216341513441702,0.9877958492734769,0.6236752341523628,0.24117569526270963
uniform_very_wide,14,MIEF,191.46334347730274,32.250139581316496,ones,0,1000,10,adam,0.20216341513441702,0.9877958492734769,0.6236752341523628,0.24117569526270963
uniform_very_wide,14,Random,5595.331843728258,658.773856921092,ones,0,1000,10,adam,0.20216341513441702,0.9877958492734769,0.6236752341523628,0.24117569526270963
uniform_very_wide,16,MGF,177.72345818254135,18.169477872941933,ones,0,1000,10,adam,0.20216341513441702,0.9877958492734769,0.6236677798671555,0.23642251900873423
uniform_very_wide,16,MAF,5283.925559880404,824.2093449007551,ones,0,1000,10,adam,0.20216341513441702,0.9877958492734769,0.6236677798671555,0.23642251900873423
uniform_very_wide,16,MIEF,254.02376731979612,68.22834092354248,ones,0,1000,10,adam,0.20216341513441702,0.9877958492734769,0.6236677798671555,0.23642251900873423
uniform_very_wide,16,Random,6301.830477572564,513.7011347012912,ones,0,1000,10,adam,0.20216341513441702,0.9877958492734769,0.6236677798671555,0.23642251900873423
uniform_very_wide,18,MGF,207.06602769560013,31.99296191341816,ones,0,1000,10,adam,0.20216341513441702,0.9877958492734769,0.6171448796602874,0.23877198130191996
uniform_very_wide,18,MAF,6217.98961743344,200.41597161544502,ones,0,1000,10,adam,0.20216341513441702,0.9877958492734769,0.6171448796602874,0.23877198130191996
uniform_very_wide,18,MIEF,347.7700588067999,111.0934781428354,ones,0,1000,10,adam,0.20216341513441702,0.9877958492734769,0.6171448796602874,0.23877198130191996
uniform_very_wide,18,Random,6689.13983143705,440.0090457855905,ones,0,1000,10,adam,0.20216341513441702,0.9877958492734769,0.6171448796602874,0.23877198130191996
uniform_very_wide,20,MGF,245.70236580773462,59.450484598624655,ones,0,1000,10,adam,0.20216341513441702,0.9877958492734769,0.6276818682794012,0.23856785406345468
uniform_very_wide,20,MAF,6794.30465899128,581.7532573672669,ones,0,1000,10,adam,0.20216341513441702,0.9877958492734769,0.6276818682794012,0.23856785406345468
uniform_very_wide,20,MIEF,346.92350046988565,101.68197865222804,ones,0,1000,10,adam,0.20216341513441702,0.9877958492734769,0.6276818682794012,0.23856785406345468
uniform_very_wide,20,Random,7404.100523317744,684.2270011560146,ones,0,1000,10,adam,0.20216341513441702,0.9877958492734769,0.6276818682794012,0.23856785406345468
uniform_with_perfect_outliers,2,MGF,72.9551602472925,5.107624535744853,ones,0,1000,10,adam,0.40109540006805927,1.0,0.694166258643421,0.17711398821697066
uniform_with_perfect_outliers,2,MAF,91.29901987472496,19.918137265568575,ones,0,1000,10,adam,0.40109540006805927,1.0,0.694166258643421,0.17711398821697066
uniform_with_perfect_outliers,2,MIEF,79.42679014911621,6.898874478020341,ones,0,1000,10,adam,0.40109540006805927,1.0,0.694166258643421,0.17711398821697066
uniform_with_perfect_outliers,2,Random,1763.0477855718723,991.5993481792266,ones,0,1000,10,adam,0.40109540006805927,1.0,0.694166258643421,0.17711398821697066
uniform_with_perfect_outliers,4,MGF,77.74425003892169,3.9349638270213756,ones,0,1000,10,adam,0.40109540006805927,1.0,0.650392881610674,0.18005680565952895
uniform_with_perfect_outliers,4,MAF,96.78062396023661,9.653676379639494,ones,0,1000,10,adam,0.40109540006805927,1.0,0.650392881610674,0.18005680565952895
uniform_with_perfect_outliers,4,MIEF,82.86844032565882,9.354754644714061,ones,0,1000,10,adam,0.40109540006805927,1.0,0.650392881610674,0.18005680565952895
uniform_with_perfect_outliers,4,Random,1164.8324735465396,447.21398858312955,ones,0,1000,10,adam,0.40109540006805927,1.0,0.650392881610674,0.18005680565952895
uniform_with_perfect_outliers,6,MGF,83.17829204024216,2.7810505954309934,ones,0,1000,10,adam,0.40109540006805927,1.0,0.6490190263171987,0.1676315822826238
uniform_with_perfect_outliers,6,MAF,128.97595461368715,19.926167173537575,ones,0,1000,10,adam,0.40109540006805927,1.0,0.6490190263171987,0.1676315822826238
uniform_with_perfect_outliers,6,MIEF,92.4761781352335,5.781977371893839,ones,0,1000,10,adam,0.40109540006805927,1.0,0.6490190263171987,0.1676315822826238
uniform_with_perfect_outliers,6,Random,2518.220242416811,546.2668959089067,ones,0,1000,10,adam,0.40109540006805927,1.0,0.6490190263171987,0.1676315822826238
uniform_with_perfect_outliers,8,MGF,114.85636107891415,18.7350786627902,ones,0,1000,10,adam,0.40109540006805927,1.0,0.6509390291713468,0.17854816119868006
uniform_with_perfect_outliers,8,MAF,238.04352758918162,41.46495639854973,ones,0,1000,10,adam,0.40109540006805927,1.0,0.6509390291713468,0.17854816119868006
uniform_with_perfect_outliers,8,MIEF,142.25358601310785,86.6355293671314,ones,0,1000,10,adam,0.40109540006805927,1.0,0.6509390291713468,0.17854816119868006
uniform_with_perfect_outliers,8,Random,3193.441326646533,752.7731150472229,ones,0,1000,10,adam,0.40109540006805927,1.0,0.6509390291713468,0.17854816119868006
uniform_with_perfect_outliers,10,MGF,114.2978159215188,3.06714054975606,ones,0,1000,10,adam,0.40109540006805927,1.0,0.6753215179058184,0.17294250330948566
uniform_with_perfect_outliers,10,MAF,485.74928336265293,91.22899996522354,ones,0,1000,10,adam,0.40109540006805927,1.0,0.6753215179058184,0.17294250330948566
uniform_with_perfect_outliers,10,MIEF,134.32435860972154,13.654423223074483,ones,0,1000,10,adam,0.40109540006805927,1.0,0.6753215179058184,0.17294250330948566
uniform_with_perfect_outliers,10,Random,4841.709304298116,1005.5807136831266,ones,0,1000,10,adam,0.40109540006805927,1.0,0.6753215179058184,0.17294250330948566
uniform_with_perfect_outliers,12,MGF,123.49959582082508,4.01762751785738,ones,0,1000,10,adam,0.4058825219861477,1.0,0.6878908970703101,0.1760595834628949
uniform_with_perfect_outliers,12,MAF,854.9407307554286,236.90390388931183,ones,0,1000,10,adam,0.4058825219861477,1.0,0.6878908970703101,0.1760595834628949
uniform_with_perfect_outliers,12,MIEF,149.40176075195274,40.90115230807827,ones,0,1000,10,adam,0.4058825219861477,1.0,0.6878908970703101,0.1760595834628949
uniform_with_perfect_outliers,12,Random,5148.451357706959,689.6719084329264,ones,0,1000,10,adam,0.4058825219861477,1.0,0.6878908970703101,0.1760595834628949
uniform_with_perfect_outliers,14,MGF,135.74077156044515,5.088650725457229,ones,0,1000,10,adam,0.40109540006805927,1.0,0.6692365857098762,0.174522138252553
uniform_with_perfect_outliers,14,MAF,2125.9819757126324,287.78523419708887,ones,0,1000,10,adam,0.40109540006805927,1.0,0.6692365857098762,0.174522138252553
uniform_with_perfect_outliers,14,MIEF,175.06262742867312,28.459593601915934,ones,0,1000,10,adam,0.40109540006805927,1.0,0.6692365857098762,0.174522138252553
uniform_with_perfect_outliers,14,Random,5380.6979693995645,580.736255493081,ones,0,1000,10,adam,0.40109540006805927,1.0,0.6692365857098762,0.174522138252553
uniform_with_perfect_outliers,16,MGF,154.0825162882195,15.637316429987582,ones,0,1000,10,adam,0.40109540006805927,1.0,0.6696256326912253,0.17179859953275323
uniform_with_perfect_outliers,16,MAF,3186.166783140316,634.4751119469196,ones,0,1000,10,adam,0.40109540006805927,1.0,0.6696256326912253,0.17179859953275323
uniform_with_perfect_outliers,16,MIEF,184.6023735417067,20.284333140243355,ones,0,1000,10,adam,0.40109540006805927,1.0,0.6696256326912253,0.17179859953275323
uniform_with_perfect_outliers,16,Random,6070.778789033284,581.2644057832878,ones,0,1000,10,adam,0.40109540006805927,1.0,0.6696256326912253,0.17179859953275323
uniform_with_perfect_outliers,18,MGF,168.67157090922308,10.636839319754422,ones,0,1000,10,adam,0.40109540006805927,1.0,0.6623676214344688,0.17333873709137967
uniform_with_perfect_outliers,18,MAF,5132.186910208971,506.63647385351277,ones,0,1000,10,adam,0.40109540006805927,1.0,0.6623676214344688,0.17333873709137967
uniform_with_perfect_outliers,18,MIEF,231.19195206196483,12.19311936538617,ones,0,1000,10,adam,0.40109540006805927,1.0,0.6623676214344688,0.17333873709137967
uniform_with_perfect_outliers,18,Random,6559.112666673119,413.93066755114415,ones,0,1000,10,adam,0.40109540006805927,1.0,0.6623676214344688,0.17333873709137967
uniform_with_perfect_outliers,20,MGF,191.6991485424234,25.49739013949053,ones,0,1000,10,adam,0.40109540006805927,1.0,0.671788985875694,0.171630061153221
uniform_with_perfect_outliers,20,MAF,5911.346577316826,277.5474361469836,ones,0,1000,10,adam,0.40109540006805927,1.0,0.671788985875694,0.171630061153221
uniform_with_perfect_outliers,20,MIEF,285.1007367280418,66.69330993547388,ones,0,1000,10,adam,0.40109540006805927,1.0,0.671788985875694,0.171630061153221
uniform_with_perfect_outliers,20,Random,7040.7107382783815,732.2204023699207,ones,0,1000,10,adam,0.40109540006805927,1.0,0.671788985875694,0.171630061153221
bimodal_extreme,2,MGF,156.13083642051575,151.50692084490717,ones,0,1000,10,adam,0.237046723394794,0.9773292694109936,0.677329281263774,0.31509879883449676
bimodal_extreme,2,MAF,355.64954787483447,642.7542663068788,ones,0,1000,10,adam,0.237046723394794,0.9773292694109936,0.677329281263774,0.31509879883449676
bimodal_extreme,2,MIEF,267.99966260424895,398.3859739255742,ones,0,1000,10,adam,0.237046723394794,0.9773292694109936,0.677329281263774,0.31509879883449676
bimodal_extreme,2,Random,2819.651199437822,1566.43577265081,ones,0,1000,10,adam,0.237046723394794,0.9773292694109936,0.677329281263774,0.31509879883449676
bimodal_extreme,4,MGF,112.52479546288755,75.18219023366844,ones,0,1000,10,adam,0.2299239892541286,0.9892051663289992,0.7494049884491332,0.312541301205201
bimodal_extreme,4,MAF,237.67573976061627,131.1863587684448,ones,0,1000,10,adam,0.2299239892541286,0.9892051663289992,0.7494049884491332,0.312541301205201
bimodal_extreme,4,MIEF,151.0300564578671,102.10074817784255,ones,0,1000,10,adam,0.2299239892541286,0.9892051663289992,0.7494049884491332,0.312541301205201
bimodal_extreme,4,Random,1817.8400554512232,489.27715665761485,ones,0,1000,10,adam,0.2299239892541286,0.9892051663289992,0.7494049884491332,0.312541301205201
bimodal_extreme,6,MGF,112.94902683132821,28.119534651232104,ones,0,1000,10,adam,0.20491823508120027,0.9900478516729051,0.7460261817477042,0.30438529118912866
bimodal_extreme,6,MAF,237.4723440064612,103.91164837109247,ones,0,1000,10,adam,0.20491823508120027,0.9900478516729051,0.7460261817477042,0.30438529118912866
bimodal_extreme,6,MIEF,149.7174908163892,61.85421711708288,ones,0,1000,10,adam,0.20491823508120027,0.9900478516729051,0.7460261817477042,0.30438529118912866
bimodal_extreme,6,Random,2661.943742409506,571.8291509701605,ones,0,1000,10,adam,0.20491823508120027,0.9900478516729051,0.7460261817477042,0.30438529118912866
bimodal_extreme,8,MGF,142.19186479464693,94.03885644271877,ones,0,1000,10,adam,0.23586753779630507,0.9864402272665664,0.772361892638483,0.29224289009336674
bimodal_extreme,8,MAF,328.1410121977509,163.4417394975128,ones,0,1000,10,adam,0.23586753779630507,0.9864402272665664,0.772361892638483,0.29224289009336674
bimodal_extreme,8,MIEF,203.35653174823787,130.70804959884507,ones,0,1000,10,adam,0.23586753779630507,0.9864402272665664,0.772361892638483,0.29224289009336674
bimodal_extreme,8,Random,3135.2709550216687,791.4228081995172,ones,0,1000,10,adam,0.23586753779630507,0.9864402272665664,0.772361892638483,0.29224289009336674
bimodal_extreme,10,MGF,141.77197917553931,26.629711168437304,ones,0,1000,10,adam,0.20278675120072276,0.9863295188176229,0.7414569287665936,0.3045812255588744
bimodal_extreme,10,MAF,782.0701419886062,244.493207379263,ones,0,1000,10,adam,0.20278675120072276,0.9863295188176229,0.7414569287665936,0.3045812255588744
bimodal_extreme,10,MIEF,191.5804471398732,51.15586333951768,ones,0,1000,10,adam,0.20278675120072276,0.9863295188176229,0.7414569287665936,0.3045812255588744
bimodal_extreme,10,Random,4232.664700038602,591.4592331359765,ones,0,1000,10,adam,0.20278675120072276,0.9863295188176229,0.7414569287665936,0.3045812255588744
bimodal_extreme,12,MGF,225.52161883359253,52.053427769979685,ones,0,1000,10,adam,0.11138624219386328,0.9962072697359177,0.7082794544852894,0.31440631544000347
bimodal_extreme,12,MAF,2327.6364345181537,394.37027458270074,ones,0,1000,10,adam,0.11138624219386328,0.9962072697359177,0.7082794544852894,0.31440631544000347
bimodal_extreme,12,MIEF,359.2039617864823,106.81948975944223,ones,0,1000,10,adam,0.11138624219386328,0.9962072697359177,0.7082794544852894,0.31440631544000347
bimodal_extreme,12,Random,5500.029857219227,602.3190120240727,ones,0,1000,10,adam,0.11138624219386328,0.9962072697359177,0.7082794544852894,0.31440631544000347
bimodal_extreme,14,MGF,262.23231989271875,98.88783400005542,ones,0,1000,10,adam,0.2148227706181351,1.0,0.7105933055517302,0.31425777778822933
bimodal_extreme,14,MAF,3210.723749436432,801.374822012217,ones,0,1000,10,adam,0.2148227706181351,1.0,0.7105933055517302,0.31425777778822933
bimodal_extreme,14,MIEF,316.4101441035407,161.55828008924803,ones,0,1000,10,adam,0.2148227706181351,1.0,0.7105933055517302,0.31425777778822933
bimodal_extreme,14,Random,5867.085539511026,678.9115827764608,ones,0,1000,10,adam,0.2148227706181351,1.0,0.7105933055517302,0.31425777778822933
bimodal_extreme,16,MGF,253.2861389282497,53.96793050116637,ones,0,1000,10,adam,0.24147345957961583,1.0,0.721263190666348,0.3107131543022819
bimodal_extreme,16,MAF,5158.065917179685,913.0165260370591,ones,0,1000,10,adam,0.24147345957961583,1.0,0.721263190666348,0.3107131543022819
bimodal_extreme,16,MIEF,327.49297090639624,87.36311073688049,ones,0,1000,10,adam,0.24147345957961583,1.0,0.721263190666348,0.3107131543022819
bimodal_extreme,16,Random,6149.09747491658,404.886725891919,ones,0,1000,10,adam,0.24147345957961583,1.0,0.721263190666348,0.3107131543022819
bimodal_extreme,18,MGF,295.2432496170559,66.87103992235626,ones,0,1000,10,adam,0.1746965081342184,1.0,0.722064823123739,0.3056919735832922
bimodal_extreme,18,MAF,5924.839235992261,283.9960429654968,ones,0,1000,10,adam,0.1746965081342184,1.0,0.722064823123739,0.3056919735832922
bimodal_extreme,18,MIEF,371.65033739723333,132.3229244893748,ones,0,1000,10,adam,0.1746965081342184,1.0,0.722064823123739,0.3056919735832922
bimodal_extreme,18,Random,6595.8517723198265,583.1889880403279,ones,0,1000,10,adam,0.1746965081342184,1.0,0.722064823123739,0.3056919735832922
bimodal_extreme,20,MGF,347.7981743089023,59.863384639769485,ones,0,1000,10,adam,0.2055825554511675,1.0,0.7088617566510129,0.31069737669802705
bimodal_extreme,20,MAF,6298.9202240815275,314.5996794999164,ones,0,1000,10,adam,0.2055825554511675,1.0,0.7088617566510129,0.31069737669802705
bimodal_extreme,20,MIEF,506.09195180851066,101.42367524287222,ones,0,1000,10,adam,0.2055825554511675,1.0,0.7088617566510129,0.31069737669802705
bimodal_extreme,20,Random,6986.65340034347,357.6316184286355,ones,0,1000,10,adam,0.2055825554511675,1.0,0.7088617566510129,0.31069737669802705
bimodal_balanced,2,MGF,94.77464826952885,26.628187943283642,ones,0,1000,10,adam,0.3496373787158352,0.9773292694109936,0.5996976882103928,0.2561844580916815
bimodal_balanced,2,MAF,207.4094793573623,127.54969174939151,ones,0,1000,10,adam,0.3496373787158352,0.9773292694109936,0.5996976882103928,0.2561844580916815
bimodal_balanced,2,MIEF,107.30474592316239,31.73365858046692,ones,0,1000,10,adam,0.3496373787158352,0.9773292694109936,0.5996976882103928,0.2561844580916815
bimodal_balanced,2,Random,2132.8962380431094,1273.4832960164795,ones,0,1000,10,adam,0.3496373787158352,0.9773292694109936,0.5996976882103928,0.2561844580916815
bimodal_balanced,4,MGF,90.65577348535093,10.640303618576617,ones,0,1000,10,adam,0.3439391914033029,0.9892051663289992,0.6180404196312552,0.27351514433083873
bimodal_balanced,4,MAF,205.64593890273227,87.60394534142083,ones,0,1000,10,adam,0.3439391914033029,0.9892051663289992,0.6180404196312552,0.27351514433083873
bimodal_balanced,4,MIEF,110.16378299900126,19.480241813179894,ones,0,1000,10,adam,0.3439391914033029,0.9892051663289992,0.6180404196312552,0.27351514433083873
bimodal_balanced,4,Random,1716.1054681887963,546.73717584798,ones,0,1000,10,adam,0.3439391914033029,0.9892051663289992,0.6180404196312552,0.27351514433083873
bimodal_balanced,6,MGF,102.21548573444909,17.974388720348067,ones,0,1000,10,adam,0.30538784374892103,0.9900478516729051,0.6329209561359571,0.2780489581451738
bimodal_balanced,6,MAF,213.97438869806098,66.7581818982377,ones,0,1000,10,adam,0.30538784374892103,0.9900478516729051,0.6329209561359571,0.2780489581451738
bimodal_balanced,6,MIEF,139.81332762444646,66.09376169194647,ones,0,1000,10,adam,0.30538784374892103,0.9900478516729051,0.6329209561359571,0.2780489581451738
bimodal_balanced,6,Random,2894.5248082051808,693.6691781772056,ones,0,1000,10,adam,0.30538784374892103,0.9900478516729051,0.6329209561359571,0.2780489581451738
bimodal_balanced,8,MGF,110.95185695809542,8.299134142012626,ones,0,1000,10,adam,0.32260161453561176,0.9864402272665664,0.6657005818465646,0.2769714913103439
bimodal_balanced,8,MAF,328.3663997295483,87.19542295057259,ones,0,1000,10,adam,0.32260161453561176,0.9864402272665664,0.6657005818465646,0.2769714913103439
bimodal_balanced,8,MIEF,140.87553198970005,32.76583050267764,ones,0,1000,10,adam,0.32260161453561176,0.9864402272665664,0.6657005818465646,0.2769714913103439
bimodal_balanced,8,Random,3620.1361709897997,905.5337480813222,ones,0,1000,10,adam,0.32260161453561176,0.9864402272665664,0.6657005818465646,0.2769714913103439
bimodal_balanced,10,MGF,136.42628244433342,17.022620866854478,ones,0,1000,10,adam,0.3222294009605783,0.9837821490488734,0.6539416050608224,0.2784538120170803
bimodal_balanced,10,MAF,983.5051982612958,222.06747115015096,ones,0,1000,10,adam,0.3222294009605783,0.9837821490488734,0.6539416050608224,0.2784538120170803
bimodal_balanced,10,MIEF,172.47223077308223,34.676041421798594,ones,0,1000,10,adam,0.3222294009605783,0.9837821490488734,0.6539416050608224,0.2784538120170803
bimodal_balanced,10,Random,5067.900433678983,779.3277845426884,ones,0,1000,10,adam,0.3222294009605783,0.9837821490488734,0.6539416050608224,0.2784538120170803
bimodal_balanced,12,MGF,159.89890240135506,12.5648977370988,ones,0,1000,10,adam,0.24910899375509066,0.9863295188176229,0.6400479418896569,0.2774723176248888
bimodal_balanced,12,MAF,2269.2985426073155,349.26849863017503,ones,0,1000,10,adam,0.24910899375509066,0.9863295188176229,0.6400479418896569,0.2774723176248888
bimodal_balanced,12,MIEF,220.387150998995,54.7063792516641,ones,0,1000,10,adam,0.24910899375509066,0.9863295188176229,0.6400479418896569,0.2774723176248888
bimodal_balanced,12,Random,5909.5742929838925,560.4208045721484,ones,0,1000,10,adam,0.24910899375509066,0.9863295188176229,0.6400479418896569,0.2774723176248888
bimodal_balanced,14,MGF,197.4900850102558,29.46562816404606,ones,0,1000,10,adam,0.2825581821593155,0.9852133459398624,0.6451399468527927,0.2773858815423648
bimodal_balanced,14,MAF,3446.968676244149,948.4710221899928,ones,0,1000,10,adam,0.2825581821593155,0.9852133459398624,0.6451399468527927,0.2773858815423648
bimodal_balanced,14,MIEF,256.3671552927509,89.6988433965544,ones,0,1000,10,adam,0.2825581821593155,0.9852133459398624,0.6451399468527927,0.2773858815423648
bimodal_balanced,14,Random,6428.347573278789,647.1503805962786,ones,0,1000,10,adam,0.2825581821593155,0.9852133459398624,0.6451399468527927,0.2773858815423648
bimodal_balanced,16,MGF,198.14577411637111,14.000264716630278,ones,0,1000,10,adam,0.33883628500286217,1.0,0.6460796818462176,0.2730721368251004
bimodal_balanced,16,MAF,5282.424766486237,800.3277538642296,ones,0,1000,10,adam,0.33883628500286217,1.0,0.6460796818462176,0.2730721368251004
bimodal_balanced,16,MIEF,271.14054454028485,56.12760658248056,ones,0,1000,10,adam,0.33883628500286217,1.0,0.6460796818462176,0.2730721368251004
bimodal_balanced,16,Random,6948.138318783432,440.313522400324,ones,0,1000,10,adam,0.33883628500286217,1.0,0.6460796818462176,0.2730721368251004
bimodal_balanced,18,MGF,237.69282760946126,38.00963924704043,ones,0,1000,10,adam,0.29975720650737475,1.0,0.6543331013265762,0.27312300022091823
bimodal_balanced,18,MAF,6018.36762502541,108.68707608806716,ones,0,1000,10,adam,0.29975720650737475,1.0,0.6543331013265762,0.27312300022091823
bimodal_balanced,18,MIEF,301.30563430370535,110.03512720619565,ones,0,1000,10,adam,0.29975720650737475,1.0,0.6543331013265762,0.27312300022091823
bimodal_balanced,18,Random,6936.806724554146,528.7282362317748,ones,0,1000,10,adam,0.29975720650737475,1.0,0.6543331013265762,0.27312300022091823
bimodal_balanced,20,MGF,291.9658985327309,35.19139823064821,ones,0,1000,10,adam,0.324466044360934,0.9828650322848539,0.6456833867287823,0.2713091249932914
bimodal_balanced,20,MAF,6161.148866943162,173.4582048788222,ones,0,1000,10,adam,0.324466044360934,0.9828650322848539,0.6456833867287823,0.2713091249932914
bimodal_balanced,20,MIEF,379.4057224748106,110.96127008050047,ones,0,1000,10,adam,0.324466044360934,0.9828650322848539,0.6456833867287823,0.2713091249932914
bimodal_balanced,20,Random,7464.292506572352,357.6394413861594,ones,0,1000,10,adam,0.324466044360934,0.9828650322848539,0.6456833867287823,0.2713091249932914
bimodal_q1_vs_lossy_30_70,2,MGF,92.78719631332962,26.312663715385693,ones,0,1000,10,adam,0.32701930100448223,1.0,0.6104368352802508,0.2785209090723741
bimodal_q1_vs_lossy_30_70,2,MAF,157.3369034765897,73.14609638126119,ones,0,1000,10,adam,0.32701930100448223,1.0,0.6104368352802508,0.2785209090723741
bimodal_q1_vs_lossy_30_70,2,MIEF,98.46959909325467,30.401237050640006,ones,0,1000,10,adam,0.32701930100448223,1.0,0.6104368352802508,0.2785209090723741
bimodal_q1_vs_lossy_30_70,2,Random,2020.251263921818,1086.8072300626259,ones,0,1000,10,adam,0.32701930100448223,1.0,0.6104368352802508,0.2785209090723741
bimodal_q1_vs_lossy_30_70,4,MGF,110.8352963470262,28.457257701214544,ones,0,1000,10,adam,0.3104042602128819,1.0,0.55615463078564,0.27955729734388396
bimodal_q1_vs_lossy_30_70,4,MAF,236.43241453935352,82.26610071033583,ones,0,1000,10,adam,0.3104042602128819,1.0,0.55615463078564,0.27955729734388396
bimodal_q1_vs_lossy_30_70,4,MIEF,153.15626705005232,85.61953109504347,ones,0,1000,10,adam,0.3104042602128819,1.0,0.55615463078564,0.27955729734388396
bimodal_q1_vs_lossy_30_70,4,Random,2562.025758369318,532.9397390875372,ones,0,1000,10,adam,0.3104042602128819,1.0,0.55615463078564,0.27955729734388396
bimodal_q1_vs_lossy_30_70,6,MGF,114.37945929852965,18.111786110900564,ones,0,1000,10,adam,0.30294126099307384,1.0,0.5673977443875408,0.26173515737899916
bimodal_q1_vs_lossy_30_70,6,MAF,329.8174606756653,157.6657218312881,ones,0,1000,10,adam,0.30294126099307384,1.0,0.5673977443875408,0.26173515737899916
bimodal_q1_vs_lossy_30_70,6,MIEF,136.95297016392811,30.413969751808857,ones,0,1000,10,adam,0.30294126099307384,1.0,0.5673977443875408,0.26173515737899916
bimodal_q1_vs_lossy_30_70,6,Random,3643.4914568067625,871.7184260736926,ones,0,1000,10,adam,0.30294126099307384,1.0,0.5673977443875408,0.26173515737899916
bimodal_q1_vs_lossy_30_70,8,MGF,127.22587023448787,22.510195904776,ones,0,1000,10,adam,0.3031983459047144,1.0,0.5930932576944828,0.2747535568377724
bimodal_q1_vs_lossy_30_70,8,MAF,501.30767715436957,186.07718004307713,ones,0,1000,10,adam,0.3031983459047144,1.0,0.5930932576944828,0.2747535568377724
bimodal_q1_vs_lossy_30_70,8,MIEF,146.9590277342823,26.566965181730612,ones,0,1000,10,adam,0.3031983459047144,1.0,0.5930932576944828,0.2747535568377724
bimodal_q1_vs_lossy_30_70,8,Random,4407.400015731014,1177.1811813327388,ones,0,1000,10,adam,0.3031983459047144,1.0,0.5930932576944828,0.2747535568377724
bimodal_q1_vs_lossy_30_70,10,MGF,139.7423371631267,8.915979993506992,ones,0,1000,10,adam,0.3019909121614584,1.0,0.5625656378997996,0.2612796912009206
bimodal_q1_vs_lossy_30_70,10,MAF,1482.7618679512193,453.61882842233786,ones,0,1000,10,adam,0.3019909121614584,1.0,0.5625656378997996,0.2612796912009206
bimodal_q1_vs_lossy_30_70,10,MIEF,180.8710712478096,34.45794862568836,ones,0,1000,10,adam,0.3019909121614584,1.0,0.5625656378997996,0.2612796912009206
bimodal_q1_vs_lossy_30_70,10,Random,5553.495641298056,1042.4568486888782,ones,0,1000,10,adam,0.3019909121614584,1.0,0.5625656378997996,0.2612796912009206
bimodal_q1_vs_lossy_30_70,12,MGF,185.90975822145444,45.33886802203695,ones,0,1000,10,adam,0.3019909121614584,1.0,0.55338250019705,0.2628786232515564
bimodal_q1_vs_lossy_30_70,12,MAF,3514.6591676782095,596.5310515748328,ones,0,1000,10,adam,0.3019909121614584,1.0,0.55338250019705,0.2628786232515564
bimodal_q1_vs_lossy_30_70,12,MIEF,290.2515165911951,80.66909898442628,ones,0,1000,10,adam,0.3019909121614584,1.0,0.55338250019705,0.2628786232515564
bimodal_q1_vs_lossy_30_70,12,Random,6694.760967776119,560.6069195220269,ones,0,1000,10,adam,0.3019909121614584,1.0,0.55338250019705,0.2628786232515564
bimodal_q1_vs_lossy_30_70,14,MGF,263.7885379068158,84.25388171140244,ones,0,1000,10,adam,0.30128177653286203,1.0,0.5686430957111316,0.26695448732066157
bimodal_q1_vs_lossy_30_70,14,MAF,4900.374259029179,789.4777170414699,ones,0,1000,10,adam,0.30128177653286203,1.0,0.5686430957111316,0.26695448732066157
bimodal_q1_vs_lossy_30_70,14,MIEF,378.500726937137,153.55185801370928,ones,0,1000,10,adam,0.30128177653286203,1.0,0.5686430957111316,0.26695448732066157
bimodal_q1_vs_lossy_30_70,14,Random,6993.642187001764,746.393202185231,ones,0,1000,10,adam,0.30128177653286203,1.0,0.5686430957111316,0.26695448732066157
bimodal_q1_vs_lossy_30_70,16,MGF,279.4533432014956,36.655452103162254,ones,0,1000,10,adam,0.30128177653286203,1.0,0.573470570418735,0.2647452587399475
bimodal_q1_vs_lossy_30_70,16,MAF,6140.562031375626,120.05661436089683,ones,0,1000,10,adam,0.30128177653286203,1.0,0.573470570418735,0.2647452587399475
bimodal_q1_vs_lossy_30_70,16,MIEF,423.92136673500426,74.56356983419101,ones,0,1000,10,adam,0.30128177653286203,1.0,0.573470570418735,0.2647452587399475
bimodal_q1_vs_lossy_30_70,16,Random,7797.323049162265,492.5007573406446,ones,0,1000,10,adam,0.30128177653286203,1.0,0.573470570418735,0.2647452587399475
bimodal_q1_vs_lossy_30_70,18,MGF,339.4754619073412,82.96792718796641,ones,0,1000,10,adam,0.3000601380213846,1.0,0.5727063853089256,0.26949381537087697
bimodal_q1_vs_lossy_30_70,18,MAF,6443.2072292527855,240.11981925855798,ones,0,1000,10,adam,0.3000601380213846,1.0,0.5727063853089256,0.26949381537087697
bimodal_q1_vs_lossy_30_70,18,MIEF,561.1446078764246,110.14623242934825,ones,0,1000,10,adam,0.3000601380213846,1.0,0.5727063853089256,0.26949381537087697
bimodal_q1_vs_lossy_30_70,18,Random,7549.557966337861,461.8904751352836,ones,0,1000,10,adam,0.3000601380213846,1.0,0.5727063853089256,0.26949381537087697
bimodal_q1_vs_lossy_30_70,20,MGF,521.6804334942634,180.68173281238717,ones,0,1000,10,adam,0.3000601380213846,1.0,0.5590784831748162,0.2667728550314785
bimodal_q1_vs_lossy_30_70,20,MAF,6825.150738675222,463.46831925819475,ones,0,1000,10,adam,0.3000601380213846,1.0,0.5590784831748162,0.2667728550314785
bimodal_q1_vs_lossy_30_70,20,MIEF,732.2183284734866,245.34381140694416,ones,0,1000,10,adam,0.3000601380213846,1.0,0.5590784831748162,0.2667728550314785
bimodal_q1_vs_lossy_30_70,20,Random,8178.793250222802,368.6422756739035,ones,0,1000,10,adam,0.3000601380213846,1.0,0.5590784831748162,0.2667728550314785
bimodal_q1_vs_lossy_70_30,2,MGF,77.34376197770827,5.697475621227994,ones,0,1000,10,adam,0.3337741262556028,1.0,0.7543995328035522,0.27732651822908533
bimodal_q1_vs_lossy_70_30,2,MAF,97.21596152987203,35.12518134814219,ones,0,1000,10,adam,0.3337741262556028,1.0,0.7543995328035522,0.27732651822908533
bimodal_q1_vs_lossy_70_30,2,MIEF,90.0995602103005,30.52889047935228,ones,0,1000,10,adam,0.3337741262556028,1.0,0.7543995328035522,0.27732651822908533
bimodal_q1_vs_lossy_70_30,2,Random,1984.9503690457666,1099.9172814708602,ones,0,1000,10,adam,0.3337741262556028,1.0,0.7543995328035522,0.27732651822908533
bimodal_q1_vs_lossy_70_30,4,MGF,70.60089514309482,3.705227879125565,ones,0,1000,10,adam,0.3210038358955962,1.0,0.8199508401799235,0.27455337636088045
bimodal_q1_vs_lossy_70_30,4,MAF,103.9510631949998,72.3305991142045,ones,0,1000,10,adam,0.3210038358955962,1.0,0.8199508401799235,0.27455337636088045
bimodal_q1_vs_lossy_70_30,4,MIEF,78.67854192971544,9.916939461077172,ones,0,1000,10,adam,0.3210038358955962,1.0,0.8199508401799235,0.27455337636088045
bimodal_q1_vs_lossy_70_30,4,Random,1150.9477791799977,369.1373496959173,ones,0,1000,10,adam,0.3210038358955962,1.0,0.8199508401799235,0.27455337636088045
bimodal_q1_vs_lossy_70_30,6,MGF,83.58584391733638,12.821662992066027,ones,0,1000,10,adam,0.3036765762413423,1.0,0.817493378000086,0.2726223011880029
bimodal_q1_vs_lossy_70_30,6,MAF,111.18589194930139,16.50802128492138,ones,0,1000,10,adam,0.3036765762413423,1.0,0.817493378000086,0.2726223011880029
bimodal_q1_vs_lossy_70_30,6,MIEF,88.73283144519812,12.917206091739375,ones,0,1000,10,adam,0.3036765762413423,1.0,0.817493378000086,0.2726223011880029
bimodal_q1_vs_lossy_70_30,6,Random,2031.8068554648733,602.4167002820781,ones,0,1000,10,adam,0.3036765762413423,1.0,0.817493378000086,0.2726223011880029
bimodal_q1_vs_lossy_70_30,8,MGF,96.20477418739755,6.154693143254658,ones,0,1000,10,adam,0.3165206241810187,1.0,0.8418922262335923,0.2573671947309706
bimodal_q1_vs_lossy_70_30,8,MAF,171.7268255308639,45.47957634961036,ones,0,1000,10,adam,0.3165206241810187,1.0,0.8418922262335923,0.2573671947309706
bimodal_q1_vs_lossy_70_30,8,MIEF,113.62467655012077,20.421606129878388,ones,0,1000,10,adam,0.3165206241810187,1.0,0.8418922262335923,0.2573671947309706
bimodal_q1_vs_lossy_70_30,8,Random,2525.224724194998,729.6022528309467,ones,0,1000,10,adam,0.3165206241810187,1.0,0.8418922262335923,0.2573671947309706
bimodal_q1_vs_lossy_70_30,10,MGF,111.72949422645976,6.6578676329892295,ones,0,1000,10,adam,0.3165206241810187,1.0,0.8234146883959527,0.2596019908076982
bimodal_q1_vs_lossy_70_30,10,MAF,240.09723944891635,30.766548869452006,ones,0,1000,10,adam,0.3165206241810187,1.0,0.8234146883959527,0.2596019908076982
bimodal_q1_vs_lossy_70_30,10,MIEF,121.91976892886105,23.232237160507314,ones,0,1000,10,adam,0.3165206241810187,1.0,0.8234146883959527,0.2596019908076982
bimodal_q1_vs_lossy_70_30,10,Random,3539.031660977923,727.6280289721946,ones,0,1000,10,adam,0.3165206241810187,1.0,0.8234146883959527,0.2596019908076982
bimodal_q1_vs_lossy_70_30,12,MGF,137.71475983567132,8.722428165488077,ones,0,1000,10,adam,0.303997932380893,1.0,0.7856481234015061,0.2830651568501264
bimodal_q1_vs_lossy_70_30,12,MAF,904.882517489021,219.31974286849834,ones,0,1000,10,adam,0.303997932380893,1.0,0.7856481234015061,0.2830651568501264
bimodal_q1_vs_lossy_70_30,12,MIEF,179.34716116287532,61.829853756433295,ones,0,1000,10,adam,0.303997932380893,1.0,0.7856481234015061,0.2830651568501264
bimodal_q1_vs_lossy_70_30,12,Random,4805.179483967864,530.8951394508687,ones,0,1000,10,adam,0.303997932380893,1.0,0.7856481234015061,0.2830651568501264
bimodal_q1_vs_lossy_70_30,14,MGF,154.37338079784178,21.08146119247791,ones,0,1000,10,adam,0.3148660379000846,1.0,0.7977134466360991,0.27027452455766443
bimodal_q1_vs_lossy_70_30,14,MAF,1579.5920406805521,264.5894249702202,ones,0,1000,10,adam,0.3148660379000846,1.0,0.7977134466360991,0.27027452455766443
bimodal_q1_vs_lossy_70_30,14,MIEF,194.24020221976912,63.45760991478971,ones,0,1000,10,adam,0.3148660379000846,1.0,0.7977134466360991,0.27027452455766443
bimodal_q1_vs_lossy_70_30,14,Random,4982.617710144566,544.4989560163589,ones,0,1000,10,adam,0.3148660379000846,1.0,0.7977134466360991,0.27027452455766443
bimodal_q1_vs_lossy_70_30,16,MGF,159.9643596029097,12.56936310170372,ones,0,1000,10,adam,0.30160222066607756,1.0,0.8022980378018263,0.27050490774371383
bimodal_q1_vs_lossy_70_30,16,MAF,2384.1421121753956,336.97653265801597,ones,0,1000,10,adam,0.30160222066607756,1.0,0.8022980378018263,0.27050490774371383
bimodal_q1_vs_lossy_70_30,16,MIEF,197.8464552867066,40.374968321949524,ones,0,1000,10,adam,0.30160222066607756,1.0,0.8022980378018263,0.27050490774371383
bimodal_q1_vs_lossy_70_30,16,Random,5711.02005295317,370.78679420282737,ones,0,1000,10,adam,0.30160222066607756,1.0,0.8022980378018263,0.27050490774371383
bimodal_q1_vs_lossy_70_30,18,MGF,154.7986319601952,9.695113628314582,ones,0,1000,10,adam,0.3000751725267307,1.0,0.8035167528347608,0.2700063979896956
bimodal_q1_vs_lossy_70_30,18,MAF,3473.0331313249576,1068.8378056542492,ones,0,1000,10,adam,0.3000751725267307,1.0,0.8035167528347608,0.2700063979896956
bimodal_q1_vs_lossy_70_30,18,MIEF,202.58865009246182,65.06695464769125,ones,0,1000,10,adam,0.3000751725267307,1.0,0.8035167528347608,0.2700063979896956
bimodal_q1_vs_lossy_70_30,18,Random,5823.1976588207135,439.08385849144105,ones,0,1000,10,adam,0.3000751725267307,1.0,0.8035167528347608,0.2700063979896956
bimodal_q1_vs_lossy_70_30,20,MGF,209.2018165652586,28.950351259945865,ones,0,1000,10,adam,0.3000751725267307,1.0,0.7897621713179823,0.2767272846061893
bimodal_q1_vs_lossy_70_30,20,MAF,5654.417582067836,393.28045222089327,ones,0,1000,10,adam,0.3000751725267307,1.0,0.7897621713179823,0.2767272846061893
bimodal_q1_vs_lossy_70_30,20,MIEF,262.69907869012343,71.58735613722688,ones,0,1000,10,adam,0.3000751725267307,1.0,0.7897621713179823,0.2767272846061893
bimodal_q1_vs_lossy_70_30,20,Random,6355.0011241250895,276.72368041169113,ones,0,1000,10,adam,0.3000751725267307,1.0,0.7897621713179823,0.2767272846061893
trimodal_perfect_mid_low,2,MGF,74.34227679213272,2.8699170155338822,ones,0,1000,10,adam,0.3131309849496632,1.0,0.6887832905148844,0.24964348857684318
trimodal_perfect_mid_low,2,MAF,104.67823034425464,19.89841588486459,ones,0,1000,10,adam,0.3131309849496632,1.0,0.6887832905148844,0.24964348857684318
trimodal_perfect_mid_low,2,MIEF,73.07273438897204,3.4679382712785713,ones,0,1000,10,adam,0.3131309849496632,1.0,0.6887832905148844,0.24964348857684318
trimodal_perfect_mid_low,2,Random,978.6454112875078,492.3176707212812,ones,0,1000,10,adam,0.3131309849496632,1.0,0.6887832905148844,0.24964348857684318
trimodal_perfect_mid_low,4,MGF,90.27461251263439,11.27633354632707,ones,0,1000,10,adam,0.26185960477413395,1.0,0.6532256053690298,0.2793737714205501
trimodal_perfect_mid_low,4,MAF,145.4999911815135,28.418497621905722,ones,0,1000,10,adam,0.26185960477413395,1.0,0.6532256053690298,0.2793737714205501
trimodal_perfect_mid_low,4,MIEF,137.1699456841706,93.44086411031162,ones,0,1000,10,adam,0.26185960477413395,1.0,0.6532256053690298,0.2793737714205501
trimodal_perfect_mid_low,4,Random,1667.3712807943048,689.0564959217955,ones,0,1000,10,adam,0.26185960477413395,1.0,0.6532256053690298,0.2793737714205501
trimodal_perfect_mid_low,6,MGF,91.89335818452642,4.269744684328829,ones,0,1000,10,adam,0.29309032925938344,1.0,0.6865551090552755,0.2645156208535677
trimodal_perfect_mid_low,6,MAF,153.64651268935023,37.4816096963031,ones,0,1000,10,adam,0.29309032925938344,1.0,0.6865551090552755,0.2645156208535677
trimodal_perfect_mid_low,6,MIEF,119.70666269805638,36.66197860450144,ones,0,1000,10,adam,0.29309032925938344,1.0,0.6865551090552755,0.2645156208535677
trimodal_perfect_mid_low,6,Random,2658.7900800673156,501.440302798517,ones,0,1000,10,adam,0.29309032925938344,1.0,0.6865551090552755,0.2645156208535677
trimodal_perfect_mid_low,8,MGF,138.96412671554947,50.24064835698571,ones,0,1000,10,adam,0.255387843748921,1.0,0.6442933758195036,0.26405131971131807
trimodal_perfect_mid_low,8,MAF,443.4403267414894,156.55459756000178,ones,0,1000,10,adam,0.255387843748921,1.0,0.6442933758195036,0.26405131971131807
trimodal_perfect_mid_low,8,MIEF,185.93176048343872,99.49724617543824,ones,0,1000,10,adam,0.255387843748921,1.0,0.6442933758195036,0.26405131971131807
trimodal_perfect_mid_low,8,Random,3689.099658100572,929.1664621831327,ones,0,1000,10,adam,0.255387843748921,1.0,0.6442933758195036,0.26405131971131807
trimodal_perfect_mid_low,10,MGF,158.50026375558087,69.18411250067032,ones,0,1000,10,adam,0.27222940096057824,1.0,0.6398947729095836,0.25205250337092033
trimodal_perfect_mid_low,10,MAF,1046.6704676849474,360.8832228601082,ones,0,1000,10,adam,0.27222940096057824,1.0,0.6398947729095836,0.25205250337092033
trimodal_perfect_mid_low,10,MIEF,240.21634032164647,124.90058675969924,ones,0,1000,10,adam,0.27222940096057824,1.0,0.6398947729095836,0.25205250337092033
trimodal_perfect_mid_low,10,Random,4984.022479531903,1067.1787570826195,ones,0,1000,10,adam,0.27222940096057824,1.0,0.6398947729095836,0.25205250337092033
trimodal_perfect_mid_low,12,MGF,145.70641367332036,9.507268639603565,ones,0,1000,10,adam,0.27222940096057824,1.0,0.6509056611067053,0.2677749371784779
trimodal_perfect_mid_low,12,MAF,1994.865541650132,472.4046283136504,ones,0,1000,10,adam,0.27222940096057824,1.0,0.6509056611067053,0.2677749371784779
trimodal_perfect_mid_low,12,MIEF,196.8805613346812,44.505256338198855,ones,0,1000,10,adam,0.27222940096057824,1.0,0.6509056611067053,0.2677749371784779
trimodal_perfect_mid_low,12,Random,5375.575092945382,693.8931108376114,ones,0,1000,10,adam,0.27222940096057824,1.0,0.6509056611067053,0.2677749371784779
trimodal_perfect_mid_low,14,MGF,175.57211237080932,24.432744210278763,ones,0,1000,10,adam,0.1991089937550906,1.0,0.6434525679674425,0.2690780555730517
trimodal_perfect_mid_low,14,MAF,3630.1002395560813,719.1032939328325,ones,0,1000,10,adam,0.1991089937550906,1.0,0.6434525679674425,0.2690780555730517
trimodal_perfect_mid_low,14,MIEF,228.3926960731883,75.64147434985247,ones,0,1000,10,adam,0.1991089937550906,1.0,0.6434525679674425,0.2690780555730517
trimodal_perfect_mid_low,14,Random,6244.830356895269,705.5910143303747,ones,0,1000,10,adam,0.1991089937550906,1.0,0.6434525679674425,0.2690780555730517
trimodal_perfect_mid_low,16,MGF,235.2713935763367,35.35419265145128,ones,0,1000,10,adam,0.2257465279486683,1.0,0.6367683202931279,0.2680314984635446
trimodal_perfect_mid_low,16,MAF,5632.990928359956,648.4901423612298,ones,0,1000,10,adam,0.2257465279486683,1.0,0.6367683202931279,0.2680314984635446
trimodal_perfect_mid_low,16,MIEF,382.2094645111753,82.3134886883944,ones,0,1000,10,adam,0.2257465279486683,1.0,0.6367683202931279,0.2680314984635446
trimodal_perfect_mid_low,16,Random,6749.968216074643,304.0431433689677,ones,0,1000,10,adam,0.2257465279486683,1.0,0.6367683202931279,0.2680314984635446
trimodal_perfect_mid_low,18,MGF,299.4607250749129,117.06972442151196,ones,0,1000,10,adam,0.1991089937550906,1.0,0.6350375225801475,0.26318147910873657
trimodal_perfect_mid_low,18,MAF,6052.637939140971,100.95857999760133,ones,0,1000,10,adam,0.1991089937550906,1.0,0.6350375225801475,0.26318147910873657
trimodal_perfect_mid_low,18,MIEF,445.6717804184606,105.29169037995898,ones,0,1000,10,adam,0.1991089937550906,1.0,0.6350375225801475,0.26318147910873657
trimodal_perfect_mid_low,18,Random,6700.512765516712,540.1410274885305,ones,0,1000,10,adam,0.1991089937550906,1.0,0.6350375225801475,0.26318147910873657
trimodal_perfect_mid_low,20,MGF,284.1622426719083,46.40949167357056,ones,0,1000,10,adam,0.2904141842246995,1.0,0.6399047833566515,0.26103037938172474
trimodal_perfect_mid_low,20,MAF,6380.349135809494,254.6143293509718,ones,0,1000,10,adam,0.2904141842246995,1.0,0.6399047833566515,0.26103037938172474
trimodal_perfect_mid_low,20,MIEF,420.66612662856085,90.93471731644699,ones,0,1000,10,adam,0.2904141842246995,1.0,0.6399047833566515,0.26103037938172474
trimodal_perfect_mid_low,20,Random,7374.565714135114,486.91562406059234,ones,0,1000,10,adam,0.2904141842246995,1.0,0.6399047833566515,0.26103037938172474
source_split_perfect_or_lossy,2,MGF,79.10980388933808,8.844925591204806,ones,0,1000,10,adam,0.35413190888213225,1.0,0.7501973650287308,0.25648990724217624
source_split_perfect_or_lossy,2,MAF,152.66724720149884,71.8718158480169,ones,0,1000,10,adam,0.35413190888213225,1.0,0.7501973650287308,0.25648990724217624
source_split_perfect_or_lossy,2,MIEF,87.82386250197608,23.05579899956691,ones,0,1000,10,adam,0.35413190888213225,1.0,0.7501973650287308,0.25648990724217624
source_split_perfect_or_lossy,2,Random,1311.7420885163892,866.4011169454626,ones,0,1000,10,adam,0.35413190888213225,1.0,0.7501973650287308,0.25648990724217624
source_split_perfect_or_lossy,4,MGF,66.70893187754855,2.726449650888527,ones,0,1000,10,adam,0.350684625042537,1.0,0.8806725826344556,0.20948036730790326
source_split_perfect_or_lossy,4,MAF,75.55325887811523,8.48619808724881,ones,0,1000,10,adam,0.350684625042537,1.0,0.8806725826344556,0.20948036730790326
source_split_perfect_or_lossy,4,MIEF,69.55562537402845,7.919017509288897,ones,0,1000,10,adam,0.350684625042537,1.0,0.8806725826344556,0.20948036730790326
source_split_perfect_or_lossy,4,Random,679.4347714182124,387.8994374787211,ones,0,1000,10,adam,0.350684625042537,1.0,0.8806725826344556,0.20948036730790326
source_split_perfect_or_lossy,6,MGF,85.67688785591517,6.420995429484831,ones,0,1000,10,adam,0.350684625042537,1.0,0.7361686094113277,0.2694083085228757
source_split_perfect_or_lossy,6,MAF,135.44647509785437,34.91661805245782,ones,0,1000,10,adam,0.350684625042537,1.0,0.7361686094113277,0.2694083085228757
source_split_perfect_or_lossy,6,MIEF,111.7829356878884,55.85901029208961,ones,0,1000,10,adam,0.350684625042537,1.0,0.7361686094113277,0.2694083085228757
source_split_perfect_or_lossy,6,Random,2186.8897702174754,697.0406869611979,ones,0,1000,10,adam,0.350684625042537,1.0,0.7361686094113277,0.2694083085228757
source_split_perfect_or_lossy,8,MGF,125.30905556885227,42.67360606610438,ones,0,1000,10,adam,0.350684625042537,1.0,0.6727105537339979,0.2609254443855929
source_split_perfect_or_lossy,8,MAF,309.82788672034167,127.25338045418259,ones,0,1000,10,adam,0.350684625042537,1.0,0.6727105537339979,0.2609254443855929
source_split_perfect_or_lossy,8,MIEF,146.66246022703154,47.64222269523905,ones,0,1000,10,adam,0.350684625042537,1.0,0.6727105537339979,0.2609254443855929
source_split_perfect_or_lossy,8,Random,3361.298330250801,723.0639714837787,ones,0,1000,10,adam,0.350684625042537,1.0,0.6727105537339979,0.2609254443855929
source_split_perfect_or_lossy,10,MGF,126.331132843817,4.405722157089404,ones,0,1000,10,adam,0.350684625042537,1.0,0.6410376802748874,0.2442469484604913
source_split_perfect_or_lossy,10,MAF,896.5830010786069,221.58850402473888,ones,0,1000,10,adam,0.350684625042537,1.0,0.6410376802748874,0.2442469484604913
source_split_perfect_or_lossy,10,MIEF,154.1952638557581,26.311892412192822,ones,0,1000,10,adam,0.350684625042537,1.0,0.6410376802748874,0.2442469484604913
source_split_perfect_or_lossy,10,Random,4695.91351767736,825.3166534728102,ones,0,1000,10,adam,0.350684625042537,1.0,0.6410376802748874,0.2442469484604913
source_split_perfect_or_lossy,12,MGF,136.53446708691573,9.07118676061733,ones,0,1000,10,adam,0.3536765762413423,1.0,0.6577757674986217,0.2502597057343631
source_split_perfect_or_lossy,12,MAF,1759.3157148337336,424.519023617325,ones,0,1000,10,adam,0.3536765762413423,1.0,0.6577757674986217,0.2502597057343631
source_split_perfect_or_lossy,12,MIEF,161.29494449928518,27.573376475368708,ones,0,1000,10,adam,0.3536765762413423,1.0,0.6577757674986217,0.2502597057343631
source_split_perfect_or_lossy,12,Random,5369.303033471622,516.4450794448467,ones,0,1000,10,adam,0.3536765762413423,1.0,0.6577757674986217,0.2502597057343631
source_split_perfect_or_lossy,14,MGF,164.7226152858012,13.79011726020939,ones,0,1000,10,adam,0.3536765762413423,1.0,0.6679281856198792,0.25508750085689624
source_split_perfect_or_lossy,14,MAF,2495.2395480408923,354.00969433914935,ones,0,1000,10,adam,0.3536765762413423,1.0,0.6679281856198792,0.25508750085689624
source_split_perfect_or_lossy,14,MIEF,226.54705411342138,49.01223669419975,ones,0,1000,10,adam,0.3536765762413423,1.0,0.6679281856198792,0.25508750085689624
source_split_perfect_or_lossy,14,Random,5723.035514658096,452.3914989040065,ones,0,1000,10,adam,0.3536765762413423,1.0,0.6679281856198792,0.25508750085689624
source_split_perfect_or_lossy,16,MGF,172.19965051364284,18.701980331812898,ones,0,1000,10,adam,0.35248864020182297,1.0,0.6764013910451255,0.2580732014021818
source_split_perfect_or_lossy,16,MAF,3989.768421183532,966.3198917479807,ones,0,1000,10,adam,0.35248864020182297,1.0,0.6764013910451255,0.2580732014021818
source_split_perfect_or_lossy,16,MIEF,233.04536897976647,49.03263197723166,ones,0,1000,10,adam,0.35248864020182297,1.0,0.6764013910451255,0.2580732014021818
source_split_perfect_or_lossy,16,Random,6375.202484078033,471.91256511376963,ones,0,1000,10,adam,0.35248864020182297,1.0,0.6764013910451255,0.2580732014021818
source_split_perfect_or_lossy,18,MGF,176.92510506133027,11.286563124161878,ones,0,1000,10,adam,0.35248864020182297,1.0,0.6589412458391705,0.249112573083452
source_split_perfect_or_lossy,18,MAF,5578.504697322837,581.2830104640975,ones,0,1000,10,adam,0.35248864020182297,1.0,0.6589412458391705,0.249112573083452
source_split_perfect_or_lossy,18,MIEF,295.080767689616,85.64082209338136,ones,0,1000,10,adam,0.35248864020182297,1.0,0.6589412458391705,0.249112573083452
source_split_perfect_or_lossy,18,Random,6672.708215278726,483.19603489966806,ones,0,1000,10,adam,0.35248864020182297,1.0,0.6589412458391705,0.249112573083452
source_split_perfect_or_lossy,20,MGF,227.58229215219467,52.77848261464906,ones,0,1000,10,adam,0.35248864020182297,1.0,0.6940673180366689,0.25674290794969773
source_split_perfect_or_lossy,20,MAF,6073.565789666189,193.28547365719436,ones,0,1000,10,adam,0.35248864020182297,1.0,0.6940673180366689,0.25674290794969773
source_split_perfect_or_lossy,20,MIEF,310.1332342373946,106.79652066027246,ones,0,1000,10,adam,0.35248864020182297,1.0,0.6940673180366689,0.25674290794969773
source_split_perfect_or_lossy,20,Random,7081.391900567685,544.7314398066142,ones,0,1000,10,adam,0.35248864020182297,1.0,0.6940673180366689,0.25674290794969773
adversarial_perfect_with_critical_lossy,2,MGF,61.19466686894841,2.2446541648268865,ones,0,1000,10,adam,0.31262267158240803,1.0,0.781295662242118,0.3094918860896854
adversarial_perfect_with_critical_lossy,2,MAF,83.55383910651446,13.446821999568202,ones,0,1000,10,adam,0.31262267158240803,1.0,0.781295662242118,0.3094918860896854
adversarial_perfect_with_critical_lossy,2,MIEF,60.00161015808013,0.5454471309921783,ones,0,1000,10,adam,0.31262267158240803,1.0,0.781295662242118,0.3094918860896854
adversarial_perfect_with_critical_lossy,2,Random,352.9735273674419,403.5579695823073,ones,0,1000,10,adam,0.31262267158240803,1.0,0.781295662242118,0.3094918860896854
adversarial_perfect_with_critical_lossy,4,MGF,60.36655989777385,1.3436472986824242,ones,0,1000,10,adam,0.31262267158240803,1.0,0.7822276802713846,0.3081160149192046
adversarial_perfect_with_critical_lossy,4,MAF,83.42701783175497,6.041365308326555,ones,0,1000,10,adam,0.31262267158240803,1.0,0.7822276802713846,0.3081160149192046
adversarial_perfect_with_critical_lossy,4,MIEF,59.7414957559807,0.44442698231632266,ones,0,1000,10,adam,0.31262267158240803,1.0,0.7822276802713846,0.3081160149192046
adversarial_perfect_with_critical_lossy,4,Random,336.80174845688117,286.4585660784552,ones,0,1000,10,adam,0.31262267158240803,1.0,0.7822276802713846,0.3081160149192046
adversarial_perfect_with_critical_lossy,6,MGF,70.50234185428663,1.1833378891279114,ones,0,1000,10,adam,0.31262267158240803,1.0,0.7856720471460981,0.30337965860846366
adversarial_perfect_with_critical_lossy,6,MAF,106.04044241243803,17.609996968566318,ones,0,1000,10,adam,0.31262267158240803,1.0,0.7856720471460981,0.30337965860846366
adversarial_perfect_with_critical_lossy,6,MIEF,66.60778617475115,0.24261122099042087,ones,0,1000,10,adam,0.31262267158240803,1.0,0.7856720471460981,0.30337965860846366
adversarial_perfect_with_critical_lossy,6,Random,796.5330940884858,431.0627774059795,ones,0,1000,10,adam,0.31262267158240803,1.0,0.7856720471460981,0.30337965860846366
adversarial_perfect_with_critical_lossy,8,MGF,85.70615046816117,0.23276310343314063,ones,0,1000,10,adam,0.31262267158240803,1.0,0.7861565333879239,0.30270191722019957
adversarial_perfect_with_critical_lossy,8,MAF,150.7251542247547,17.162047128985655,ones,0,1000,10,adam,0.31262267158240803,1.0,0.7861565333879239,0.30270191722019957
adversarial_perfect_with_critical_lossy,8,MIEF,79.6119167282566,0.0,ones,0,1000,10,adam,0.31262267158240803,1.0,0.7861565333879239,0.30270191722019957
adversarial_perfect_with_critical_lossy,8,Random,1233.7866771694091,465.84072487478454,ones,0,1000,10,adam,0.31262267158240803,1.0,0.7861565333879239,0.30270191722019957
adversarial_perfect_with_critical_lossy,10,MGF,111.19411052768696,0.0,ones,0,1000,10,adam,0.31262267158240803,1.0,0.7869667959407364,0.3016094173469091
adversarial_perfect_with_critical_lossy,10,MAF,319.4156258066454,73.4873680647192,ones,0,1000,10,adam,0.31262267158240803,1.0,0.7869667959407364,0.3016094173469091
adversarial_perfect_with_critical_lossy,10,MIEF,88.57192690428357,1.4979556132593925e-14,ones,0,1000,10,adam,0.31262267158240803,1.0,0.7869667959407364,0.3016094173469091
adversarial_perfect_with_critical_lossy,10,Random,2170.5090543551355,758.0152653653731,ones,0,1000,10,adam,0.31262267158240803,1.0,0.7869667959407364,0.3016094173469091
adversarial_perfect_with_critical_lossy,12,MGF,117.60601080563019,1.4979556132593925e-14,ones,0,1000,10,adam,0.3097634085776999,1.0,0.7868448912181298,0.3017907368397493
adversarial_perfect_with_critical_lossy,12,MAF,904.3859766710582,356.30231065275586,ones,0,1000,10,adam,0.3097634085776999,1.0,0.7868448912181298,0.3017907368397493
adversarial_perfect_with_critical_lossy,12,MIEF,100.78055089336017,1.4979556132593925e-14,ones,0,1000,10,adam,0.3097634085776999,1.0,0.7868448912181298,0.3017907368397493
adversarial_perfect_with_critical_lossy,12,Random,3246.457095044608,676.1315934822353,ones,0,1000,10,adam,0.3097634085776999,1.0,0.7868448912181298,0.3017907368397493
adversarial_perfect_with_critical_lossy,14,MGF,131.8945602962761,2.995911226518785e-14,ones,0,1000,10,adam,0.3097634085776999,1.0,0.7867033349804502,0.3019892027901311
adversarial_perfect_with_critical_lossy,14,MAF,1564.0654413530688,408.6896317083441,ones,0,1000,10,adam,0.3097634085776999,1.0,0.7867033349804502,0.3019892027901311
adversarial_perfect_with_critical_lossy,14,MIEF,112.25330385485536,0.0,ones,0,1000,10,adam,0.3097634085776999,1.0,0.7867033349804502,0.3019892027901311
adversarial_perfect_with_critical_lossy,14,Random,3274.148586418851,435.67362883659126,ones,0,1000,10,adam,0.3097634085776999,1.0,0.7867033349804502,0.3019892027901311
adversarial_perfect_with_critical_lossy,16,MGF,132.3488133747839,2.995911226518785e-14,ones,0,1000,10,adam,0.3097634085776999,1.0,0.7866067713915827,0.3020995002771265
adversarial_perfect_with_critical_lossy,16,MAF,2357.3050922744997,270.3085490298693,ones,0,1000,10,adam,0.3097634085776999,1.0,0.7866067713915827,0.3020995002771265
adversarial_perfect_with_critical_lossy,16,MIEF,120.93926673428832,0.0,ones,0,1000,10,adam,0.3097634085776999,1.0,0.7866067713915827,0.3020995002771265
adversarial_perfect_with_critical_lossy,16,Random,3932.1088335304266,194.5642146901723,ones,0,1000,10,adam,0.3097634085776999,1.0,0.7866067713915827,0.3020995002771265
adversarial_perfect_with_critical_lossy,18,MGF,137.730138995656,0.0,ones,0,1000,10,adam,0.29295094104872016,1.0,0.7853838418166549,0.3039027234229109
adversarial_perfect_with_critical_lossy,18,MAF,3738.008792627683,1013.2784928354434,ones,0,1000,10,adam,0.29295094104872016,1.0,0.7853838418166549,0.3039027234229109
adversarial_perfect_with_critical_lossy,18,MIEF,130.34625990056003,0.0,ones,0,1000,10,adam,0.29295094104872016,1.0,0.7853838418166549,0.3039027234229109
adversarial_perfect_with_critical_lossy,18,Random,4443.495110205025,321.6959046862219,ones,0,1000,10,adam,0.29295094104872016,1.0,0.7853838418166549,0.3039027234229109
adversarial_perfect_with_critical_lossy,20,MGF,143.36188496646193,0.0,ones,0,1000,10,adam,0.29295094104872016,1.0,0.7851877009939903,0.30421665844316464
adversarial_perfect_with_critical_lossy,20,MAF,5421.210688633744,494.8678476259937,ones,0,1000,10,adam,0.29295094104872016,1.0,0.7851877009939903,0.30421665844316464
adversarial_perfect_with_critical_lossy,20,MIEF,139.00725586500863,0.0,ones,0,1000,10,adam,0.29295094104872016,1.0,0.7851877009939903,0.30421665844316464
adversarial_perfect_with_critical_lossy,20,Random,5004.592664304506,487.29705604480074,ones,0,1000,10,adam,0.29295094104872016,1.0,0.7851877009939903,0.30421665844316464
