profile,M,policy,mean_error,std_error,seed,titer,mc_trials,q_min,q_max,q_mean,q_std
constant_high,2,MGF,52.438500557294,1.445294723457055,42,50,3,0.95,0.95,0.9499999999999998,1.1102230246251565e-16
constant_high,2,MAF,53.05384161085154,0.32248844157325585,42,50,3,0.95,0.95,0.9499999999999998,1.1102230246251565e-16
constant_high,2,MIEF,52.33203744843333,3.014229261826149,42,50,3,0.95,0.95,0.9499999999999998,1.1102230246251565e-16
constant_high,2,Random,360.8855808676949,282.2130807186869,42,50,3,0.95,0.95,0.9499999999999998,1.1102230246251565e-16
constant_high,4,MGF,54.70469675831489,0.3985961950244548,42,50,3,0.95,0.95,0.9500000000000001,1.1102230246251565e-16
constant_high,4,MAF,54.48949015621989,0.15476226561649664,42,50,3,0.95,0.95,0.9500000000000001,1.1102230246251565e-16
constant_high,4,MIEF,51.570136547726435,0.44009126865859144,42,50,3,0.95,0.95,0.9500000000000001,1.1102230246251565e-16
constant_high,4,Random,715.6449013890457,115.08258190453977,42,50,3,0.95,0.95,0.9500000000000001,1.1102230246251565e-16
constant_high,6,MGF,65.65957716723567,0.469917932278401,42,50,3,0.95,0.95,0.9500000000000003,3.3306690738754696e-16
constant_high,6,MAF,63.61718899744887,1.4302208857456569,42,50,3,0.95,0.95,0.9500000000000003,3.3306690738754696e-16
constant_high,6,MIEF,60.68688436398292,0.2866479907360699,42,50,3,0.95,0.95,0.9500000000000003,3.3306690738754696e-16
constant_high,6,Random,490.49209069128943,184.7796879175321,42,50,3,0.95,0.95,0.9500000000000003,3.3306690738754696e-16
constant_high,8,MGF,81.51513763239431,0.13403113187865637,42,50,3,0.95,0.95,0.9500000000000001,1.1102230246251565e-16
constant_high,8,MAF,85.82517924183985,1.687324414347868,42,50,3,0.95,0.95,0.9500000000000001,1.1102230246251565e-16
constant_high,8,MIEF,76.96259850694061,0.17285707819693774,42,50,3,0.95,0.95,0.9500000000000001,1.1102230246251565e-16
constant_high,8,Random,1134.6157494635856,309.1641747102885,42,50,3,0.95,0.95,0.9500000000000001,1.1102230246251565e-16
constant_high,10,MGF,102.52829498360559,0.3950862685481234,42,50,3,0.95,0.95,0.95,0.0
constant_high,10,MAF,122.92845588345058,4.5643358218825165,42,50,3,0.95,0.95,0.95,0.0
constant_high,10,MIEF,89.64654485048963,1.8794260877491855,42,50,3,0.95,0.95,0.95,0.0
constant_high,10,Random,2164.4591500552324,56.95061802311507,42,50,3,0.95,0.95,0.95,0.0
constant_high,12,MGF,128.94917983757713,1.3434939081313502,42,50,3,0.95,0.95,0.95,0.0
constant_high,12,MAF,180.6555223942852,6.426758519238616,42,50,3,0.95,0.95,0.95,0.0
constant_high,12,MIEF,104.54451914124813,1.5990457403040972,42,50,3,0.95,0.95,0.95,0.0
constant_high,12,Random,2922.2027947552137,181.68990347770168,42,50,3,0.95,0.95,0.95,0.0
constant_high,14,MGF,145.2998357461879,0.8921231339837604,42,50,3,0.95,0.95,0.95,0.0
constant_high,14,MAF,274.5287491620889,8.067635231200747,42,50,3,0.95,0.95,0.95,0.0
constant_high,14,MIEF,116.45381847211884,0.6041051145651456,42,50,3,0.95,0.95,0.95,0.0
constant_high,14,Random,3293.523529205592,802.5046686705341,42,50,3,0.95,0.95,0.95,0.0
constant_high,16,MGF,142.67076260585907,2.435238009816349,42,50,3,0.95,0.95,0.9500000000000001,1.1102230246251565e-16
constant_high,16,MAF,488.7438422113757,24.11322098232017,42,50,3,0.95,0.95,0.9500000000000001,1.1102230246251565e-16
constant_high,16,MIEF,125.34930061953929,0.5128213541309036,42,50,3,0.95,0.95,0.9500000000000001,1.1102230246251565e-16
constant_high,16,Random,4445.89254776307,675.5437288071685,42,50,3,0.95,0.95,0.9500000000000001,1.1102230246251565e-16
constant_high,18,MGF,170.1975457760001,0.8021289676859162,42,50,3,0.95,0.95,0.9500000000000001,1.1102230246251565e-16
constant_high,18,MAF,795.7521569180575,46.81716044936058,42,50,3,0.95,0.95,0.9500000000000001,1.1102230246251565e-16
constant_high,18,MIEF,133.34548230426353,1.3257255917066753,42,50,3,0.95,0.95,0.9500000000000001,1.1102230246251565e-16
constant_high,18,Random,4708.229327914068,659.3698260116713,42,50,3,0.95,0.95,0.9500000000000001,1.1102230246251565e-16
constant_high,20,MGF,168.66726069952097,5.870586267137837,42,50,3,0.95,0.95,0.95,0.0
constant_high,20,MAF,1440.0165634468133,49.48633867425176,42,50,3,0.95,0.95,0.95,0.0
constant_high,20,MIEF,146.57816381659802,4.740741455304976,42,50,3,0.95,0.95,0.95,0.0
constant_high,20,Random,5602.522824930969,540.4207967305998,42,50,3,0.95,0.95,0.95,0.0
constant_low,2,MGF,79.08683249092934,3.2579296462605503,42,50,3,0.6,0.6,0.6,0.0
constant_low,2,MAF,102.73790061797342,18.97594238832059,42,50,3,0.6,0.6,0.6,0.0
constant_low,2,MIEF,87.25475210251655,5.482346588556205,42,50,3,0.6,0.6,0.6,0.0
constant_low,2,Random,2932.355091457836,2095.2253842994573,42,50,3,0.6,0.6,0.6,0.0
constant_low,4,MGF,81.62780522375387,3.6459153005137246,42,50,3,0.6,0.6,0.6000000000000001,1.1102230246251565e-16
constant_low,4,MAF,91.69309066455956,8.584708891069061,42,50,3,0.6,0.6,0.6000000000000001,1.1102230246251565e-16
constant_low,4,MIEF,77.82294115010232,2.6738501617524677,42,50,3,0.6,0.6,0.6000000000000001,1.1102230246251565e-16
constant_low,4,Random,2140.053478124471,1282.045720270318,42,50,3,0.6,0.6,0.6000000000000001,1.1102230246251565e-16
constant_low,6,MGF,90.83793782515166,1.8798106506337635,42,50,3,0.6,0.6,0.6000000000000001,1.1102230246251565e-16
constant_low,6,MAF,119.14194023933256,13.617154781836838,42,50,3,0.6,0.6,0.6000000000000001,1.1102230246251565e-16
constant_low,6,MIEF,91.69284429600145,5.689778749804686,42,50,3,0.6,0.6,0.6000000000000001,1.1102230246251565e-16
constant_low,6,Random,1810.7821718713894,191.84958572648384,42,50,3,0.6,0.6,0.6000000000000001,1.1102230246251565e-16
constant_low,8,MGF,115.95002860047636,3.904949717014135,42,50,3,0.6,0.6,0.6,0.0
constant_low,8,MAF,224.67664698801238,10.044129418549263,42,50,3,0.6,0.6,0.6,0.0
constant_low,8,MIEF,110.88985309416489,2.190796958664772,42,50,3,0.6,0.6,0.6,0.0
constant_low,8,Random,3262.778380311903,141.494531537347,42,50,3,0.6,0.6,0.6,0.0
constant_low,10,MGF,129.46755153637548,1.5726532647603113,42,50,3,0.6,0.6,0.5999999999999999,1.1102230246251565e-16
constant_low,10,MAF,540.0569020793525,113.11851983663303,42,50,3,0.6,0.6,0.5999999999999999,1.1102230246251565e-16
constant_low,10,MIEF,133.83013810113542,3.759327203335901,42,50,3,0.6,0.6,0.5999999999999999,1.1102230246251565e-16
constant_low,10,Random,4567.230115890002,163.79881325189336,42,50,3,0.6,0.6,0.5999999999999999,1.1102230246251565e-16
constant_low,12,MGF,146.6861161905282,14.66569075708422,42,50,3,0.6,0.6,0.5999999999999999,1.1102230246251565e-16
constant_low,12,MAF,989.4804624705748,152.49278797802927,42,50,3,0.6,0.6,0.5999999999999999,1.1102230246251565e-16
constant_low,12,MIEF,159.62896672687245,18.63094022671096,42,50,3,0.6,0.6,0.5999999999999999,1.1102230246251565e-16
constant_low,12,Random,5126.133330596406,528.6247604985283,42,50,3,0.6,0.6,0.5999999999999999,1.1102230246251565e-16
constant_low,14,MGF,159.62992305005068,12.903393682819097,42,50,3,0.6,0.6,0.5999999999999996,3.3306690738754696e-16
constant_low,14,MAF,2057.845828532579,472.5488766290005,42,50,3,0.6,0.6,0.5999999999999996,3.3306690738754696e-16
constant_low,14,MIEF,155.38047406499507,3.5910036365684563,42,50,3,0.6,0.6,0.5999999999999996,3.3306690738754696e-16
constant_low,14,Random,6036.495395015893,767.2672460213976,42,50,3,0.6,0.6,0.5999999999999996,3.3306690738754696e-16
constant_low,16,MGF,196.33663481766644,32.00926655333251,42,50,3,0.6,0.6,0.6,0.0
constant_low,16,MAF,3471.0590362138114,971.3888729927379,42,50,3,0.6,0.6,0.6,0.0
constant_low,16,MIEF,172.7668409509694,7.9178015502859305,42,50,3,0.6,0.6,0.6,0.0
constant_low,16,Random,6771.37921856092,401.5485862129852,42,50,3,0.6,0.6,0.6,0.0
constant_low,18,MGF,341.9735717282627,58.68032823099717,42,50,3,0.6,0.6,0.6,0.0
constant_low,18,MAF,5420.680271538497,584.8579549561529,42,50,3,0.6,0.6,0.6,0.0
constant_low,18,MIEF,247.4106280311806,47.60198223470608,42,50,3,0.6,0.6,0.6,0.0
constant_low,18,Random,7203.315310089366,443.64452206133785,42,50,3,0.6,0.6,0.6,0.0
constant_low,20,MGF,289.8551163666695,9.397373486728668,42,50,3,0.6,0.6,0.5999999999999999,1.1102230246251565e-16
constant_low,20,MAF,6039.843260559927,92.45531700448053,42,50,3,0.6,0.6,0.5999999999999999,1.1102230246251565e-16
constant_low,20,MIEF,295.90707637729133,54.98718834534486,42,50,3,0.6,0.6,0.5999999999999999,1.1102230246251565e-16
constant_low,20,Random,7542.939924058697,517.2654181535286,42,50,3,0.6,0.6,0.5999999999999999,1.1102230246251565e-16
two_cluster_60_95,2,MGF,63.904507296484276,2.376451010611322,42,50,3,0.6,0.95,0.7749999999999999,0.175
two_cluster_60_95,2,MAF,70.36358482107163,3.6098757597937965,42,50,3,0.6,0.95,0.7749999999999999,0.175
two_cluster_60_95,2,MIEF,68.2009427826903,2.414183949333133,42,50,3,0.6,0.95,0.7749999999999999,0.175
two_cluster_60_95,2,Random,1279.8464448514499,1071.9379139449027,42,50,3,0.6,0.95,0.7749999999999999,0.175
two_cluster_60_95,4,MGF,67.47457793711597,1.2254400996857624,42,50,3,0.6,0.95,0.7750000000000001,0.175
two_cluster_60_95,4,MAF,69.41757445907903,3.3694429183131582,42,50,3,0.6,0.95,0.7750000000000001,0.175
two_cluster_60_95,4,MIEF,66.86160167231081,2.801067256257178,42,50,3,0.6,0.95,0.7750000000000001,0.175
two_cluster_60_95,4,Random,1539.6619164727972,1020.7434033406698,42,50,3,0.6,0.95,0.7750000000000001,0.175
two_cluster_60_95,6,MGF,77.7215809911853,2.4832560754672426,42,50,3,0.6,0.95,0.7750000000000001,0.175
two_cluster_60_95,6,MAF,91.76394693864039,10.690423743196252,42,50,3,0.6,0.95,0.7750000000000001,0.175
two_cluster_60_95,6,MIEF,81.38287075123525,5.913174604016948,42,50,3,0.6,0.95,0.7750000000000001,0.175
two_cluster_60_95,6,Random,1376.8138748314677,459.65145953668434,42,50,3,0.6,0.95,0.7750000000000001,0.175
two_cluster_60_95,8,MGF,93.55251451909554,3.066503978595282,42,50,3,0.6,0.95,0.7749999999999999,0.175
two_cluster_60_95,8,MAF,122.82175534812922,7.5836064911997925,42,50,3,0.6,0.95,0.7749999999999999,0.175
two_cluster_60_95,8,MIEF,92.41193834064393,2.7573053531869722,42,50,3,0.6,0.95,0.7749999999999999,0.175
two_cluster_60_95,8,Random,1825.5437738315695,403.24732952259336,42,50,3,0.6,0.95,0.7749999999999999,0.175
two_cluster_60_95,10,MGF,111.6015703294738,1.63741193251802,42,50,3,0.6,0.95,0.7749999999999998,0.175
two_cluster_60_95,10,MAF,213.1011070279376,27.206705070652163,42,50,3,0.6,0.95,0.7749999999999998,0.175
two_cluster_60_95,10,MIEF,109.3391127051608,4.568233717260905,42,50,3,0.6,0.95,0.7749999999999998,0.175
two_cluster_60_95,10,Random,3166.0000800953744,279.85311787675465,42,50,3,0.6,0.95,0.7749999999999998,0.175
two_cluster_60_95,12,MGF,119.7437724853692,0.3031805619641601,42,50,3,0.6,0.95,0.7749999999999999,0.175
two_cluster_60_95,12,MAF,494.671110952578,22.45059528373981,42,50,3,0.6,0.95,0.7749999999999999,0.175
two_cluster_60_95,12,MIEF,126.76404223011356,3.054607407406856,42,50,3,0.6,0.95,0.7749999999999999,0.175
two_cluster_60_95,12,Random,3928.2146445640733,278.3070138069299,42,50,3,0.6,0.95,0.7749999999999999,0.175
two_cluster_60_95,14,MGF,135.8920856515811,4.457674573703644,42,50,3,0.6,0.95,0.7749999999999998,0.17500000000000002
two_cluster_60_95,14,MAF,898.2537466452674,187.31695896965596,42,50,3,0.6,0.95,0.7749999999999998,0.17500000000000002
two_cluster_60_95,14,MIEF,135.07677799888285,6.729368570093974,42,50,3,0.6,0.95,0.7749999999999998,0.17500000000000002
two_cluster_60_95,14,Random,4734.993676847783,834.0906405939415,42,50,3,0.6,0.95,0.7749999999999998,0.17500000000000002
two_cluster_60_95,16,MGF,149.2891479585162,3.097984453169752,42,50,3,0.6,0.95,0.7749999999999999,0.175
two_cluster_60_95,16,MAF,1724.2610510099182,161.5754367330663,42,50,3,0.6,0.95,0.7749999999999999,0.175
two_cluster_60_95,16,MIEF,153.35929299440954,13.109528721103281,42,50,3,0.6,0.95,0.7749999999999999,0.175
two_cluster_60_95,16,Random,5758.5315653877815,282.94293267595606,42,50,3,0.6,0.95,0.7749999999999999,0.175
two_cluster_60_95,18,MGF,166.36464517182574,7.370209572494103,42,50,3,0.6,0.95,0.775,0.175
two_cluster_60_95,18,MAF,2508.8034785295217,146.70409775266478,42,50,3,0.6,0.95,0.775,0.175
two_cluster_60_95,18,MIEF,167.6972352503736,12.254949576095965,42,50,3,0.6,0.95,0.775,0.175
two_cluster_60_95,18,Random,6004.388975463725,727.80632792016,42,50,3,0.6,0.95,0.775,0.175
two_cluster_60_95,20,MGF,195.76353158614404,5.032224466615445,42,50,3,0.6,0.95,0.775,0.175
two_cluster_60_95,20,MAF,4264.55107258885,794.7092580590477,42,50,3,0.6,0.95,0.775,0.175
two_cluster_60_95,20,MIEF,176.6134438933528,8.396908914350151,42,50,3,0.6,0.95,0.775,0.175
two_cluster_60_95,20,Random,6494.632029015028,498.7484487300155,42,50,3,0.6,0.95,0.775,0.175
uniform_wide,2,MGF,70.46873460007943,6.108145086147687,42,50,3,0.3902048713456304,0.9646420815311562,0.7006141948682234,0.17973335386344994
uniform_wide,2,MAF,91.48244719882723,6.128879778122117,42,50,3,0.3902048713456304,0.9646420815311562,0.7006141948682234,0.17973335386344994
uniform_wide,2,MIEF,77.75672076984176,5.861791107893659,42,50,3,0.3902048713456304,0.9646420815311562,0.7006141948682234,0.17973335386344994
uniform_wide,2,Random,1789.120281824251,1936.409637005574,42,50,3,0.3902048713456304,0.9646420815311562,0.7006141948682234,0.17973335386344994
uniform_wide,4,MGF,73.06522138341485,1.3181276691537833,42,50,3,0.3775963724459541,0.9646420815311562,0.6972305618683738,0.18103966620339576
uniform_wide,4,MAF,87.13934287390043,2.904509727758381,42,50,3,0.3775963724459541,0.9646420815311562,0.6972305618683738,0.18103966620339576
uniform_wide,4,MIEF,77.47634508036562,3.242581964177457,42,50,3,0.3775963724459541,0.9646420815311562,0.6972305618683738,0.18103966620339576
uniform_wide,4,Random,1532.2816706847618,368.8990924676774,42,50,3,0.3775963724459541,0.9646420815311562,0.6972305618683738,0.18103966620339576
uniform_wide,6,MGF,85.93461645197289,2.644798062578838,42,50,3,0.35463822994313343,0.9646420815311562,0.6815746275548555,0.1783278866915891
uniform_wide,6,MAF,111.65468155910723,14.162419607107184,42,50,3,0.35463822994313343,0.9646420815311562,0.6815746275548555,0.1783278866915891
uniform_wide,6,MIEF,88.95167154927627,3.4817035229933526,42,50,3,0.35463822994313343,0.9646420815311562,0.6815746275548555,0.1783278866915891
uniform_wide,6,Random,1588.729185905724,180.45048773136858,42,50,3,0.35463822994313343,0.9646420815311562,0.6815746275548555,0.1783278866915891
uniform_wide,8,MGF,103.48112643387923,1.746526567997705,42,50,3,0.35463822994313343,0.9646420815311562,0.6720034865800358,0.169979608556147
uniform_wide,8,MAF,199.1133682861869,32.69233849134887,42,50,3,0.35463822994313343,0.9646420815311562,0.6720034865800358,0.169979608556147
uniform_wide,8,MIEF,110.69714586726757,2.6849321374234085,42,50,3,0.35463822994313343,0.9646420815311562,0.6720034865800358,0.169979608556147
uniform_wide,8,Random,3344.302360910771,556.7072825334317,42,50,3,0.35463822994313343,0.9646420815311562,0.6720034865800358,0.169979608556147
uniform_wide,10,MGF,114.8117504295288,3.0826571206683604,42,50,3,0.35463822994313343,0.9646420815311562,0.6617441254781782,0.17119685206945542
uniform_wide,10,MAF,452.45594730908846,124.80172203176622,42,50,3,0.35463822994313343,0.9646420815311562,0.6617441254781782,0.17119685206945542
uniform_wide,10,MIEF,149.2721776957765,43.360361762241574,42,50,3,0.35463822994313343,0.9646420815311562,0.6617441254781782,0.17119685206945542
uniform_wide,10,Random,4764.4296561212,399.5847884716192,42,50,3,0.35463822994313343,0.9646420815311562,0.6617441254781782,0.17119685206945542
uniform_wide,12,MGF,128.090337372415,2.939332201828766,42,50,3,0.35463822994313343,0.9646420815311562,0.663439140857606,0.17242421652542228
uniform_wide,12,MAF,1063.3355249234346,141.04111606152608,42,50,3,0.35463822994313343,0.9646420815311562,0.663439140857606,0.17242421652542228
uniform_wide,12,MIEF,151.856406211184,23.49342691317396,42,50,3,0.35463822994313343,0.9646420815311562,0.663439140857606,0.17242421652542228
uniform_wide,12,Random,4521.000272301544,365.1504309070442,42,50,3,0.35463822994313343,0.9646420815311562,0.663439140857606,0.17242421652542228
uniform_wide,14,MGF,143.17447645587006,2.375749065154201,42,50,3,0.35463822994313343,0.9646420815311562,0.6605765303680835,0.17143970417007556
uniform_wide,14,MAF,1896.9968109503473,363.36418658427175,42,50,3,0.35463822994313343,0.9646420815311562,0.6605765303680835,0.17143970417007556
uniform_wide,14,MIEF,163.70139155787834,11.684626337348107,42,50,3,0.35463822994313343,0.9646420815311562,0.6605765303680835,0.17143970417007556
uniform_wide,14,Random,5530.7291829023925,769.3088915769895,42,50,3,0.35463822994313343,0.9646420815311562,0.6605765303680835,0.17143970417007556
uniform_wide,16,MGF,156.04166942310613,5.8902624332551605,42,50,3,0.35463822994313343,0.9646420815311562,0.6593621567674602,0.17303191353197153
uniform_wide,16,MAF,3046.186304957733,107.29091345999345,42,50,3,0.35463822994313343,0.9646420815311562,0.6593621567674602,0.17303191353197153
uniform_wide,16,MIEF,182.4412429156063,12.354625493547644,42,50,3,0.35463822994313343,0.9646420815311562,0.6593621567674602,0.17303191353197153
uniform_wide,16,Random,6453.230111845712,570.7477242125783,42,50,3,0.35463822994313343,0.9646420815311562,0.6593621567674602,0.17303191353197153
uniform_wide,18,MGF,194.92562846971092,15.054877931878085,42,50,3,0.35463822994313343,0.9646420815311562,0.6588640535594481,0.1734368279976846
uniform_wide,18,MAF,4925.003673326507,785.2415554888353,42,50,3,0.35463822994313343,0.9646420815311562,0.6588640535594481,0.1734368279976846
uniform_wide,18,MIEF,247.54482258097892,38.58276982731039,42,50,3,0.35463822994313343,0.9646420815311562,0.6588640535594481,0.1734368279976846
uniform_wide,18,Random,6846.940790257904,412.7613974888913,42,50,3,0.35463822994313343,0.9646420815311562,0.6588640535594481,0.1734368279976846
uniform_wide,20,MGF,235.0242009439927,30.52538976910414,42,50,3,0.35463822994313343,0.9751966053551773,0.66079624092702,0.17638065062182506
uniform_wide,20,MAF,6067.248410194113,45.028884231553626,42,50,3,0.35463822994313343,0.9751966053551773,0.66079624092702,0.17638065062182506
uniform_wide,20,MIEF,265.54872747193974,47.95864304965962,42,50,3,0.35463822994313343,0.9751966053551773,0.66079624092702,0.17638065062182506
uniform_wide,20,Random,7456.335270400111,338.2084040845706,42,50,3,0.35463822994313343,0.9751966053551773,0.66079624092702,0.17638065062182506
uniform_high,2,MGF,53.19584708507702,2.0535987340145634,42,50,3,0.8589344158545845,0.9865871292291458,0.9279142655262719,0.039940745302988884
uniform_high,2,MAF,54.7391934534744,0.8890899246527022,42,50,3,0.8589344158545845,0.9865871292291458,0.9279142655262719,0.039940745302988884
uniform_high,2,MIEF,54.344133594962045,2.010168796946409,42,50,3,0.8589344158545845,0.9865871292291458,0.9279142655262719,0.039940745302988884
uniform_high,2,Random,641.7838647087357,611.6934091688499,42,50,3,0.8589344158545845,0.9865871292291458,0.9279142655262719,0.039940745302988884
uniform_high,4,MGF,54.82133363779534,1.2114168171001736,42,50,3,0.856132527210212,0.9865871292291458,0.9271623470818608,0.04023103693408795
uniform_high,4,MAF,55.04692657136777,0.6030946384235361,42,50,3,0.856132527210212,0.9865871292291458,0.9271623470818608,0.04023103693408795
uniform_high,4,MIEF,53.282070847775366,1.7293364088512324,42,50,3,0.856132527210212,0.9865871292291458,0.9271623470818608,0.04023103693408795
uniform_high,4,Random,727.8745421883094,102.47440856489645,42,50,3,0.856132527210212,0.9865871292291458,0.9271623470818608,0.04023103693408795
uniform_high,6,MGF,65.80147755681578,1.0864564342913854,42,50,3,0.8510307177651407,0.9865871292291458,0.9236832505677456,0.03962841926479759
uniform_high,6,MAF,64.96063122869205,1.4264332023688744,42,50,3,0.8510307177651407,0.9865871292291458,0.9236832505677456,0.03962841926479759
uniform_high,6,MIEF,62.37619331087211,0.9796508862318477,42,50,3,0.8510307177651407,0.9865871292291458,0.9236832505677456,0.03962841926479759
uniform_high,6,Random,510.9982118489874,218.52163484135926,42,50,3,0.8510307177651407,0.9865871292291458,0.9236832505677456,0.03962841926479759
uniform_high,8,MGF,83.37345745174026,0.4381055026350847,42,50,3,0.8510307177651407,0.9865871292291458,0.9215563303511192,0.03777324634581045
uniform_high,8,MAF,87.50335027796966,0.4750112712296205,42,50,3,0.8510307177651407,0.9865871292291458,0.9215563303511192,0.03777324634581045
uniform_high,8,MIEF,78.19703126461484,0.585736896312044,42,50,3,0.8510307177651407,0.9865871292291458,0.9215563303511192,0.03777324634581045
uniform_high,8,Random,1251.5646110172327,220.60440835914693,42,50,3,0.8510307177651407,0.9865871292291458,0.9215563303511192,0.03777324634581045
uniform_high,10,MGF,99.86850477822942,0.832417627475472,42,50,3,0.8510307177651407,0.9865871292291458,0.919276472328484,0.03804374490432343
uniform_high,10,MAF,134.76751832445476,4.792433116452271,42,50,3,0.8510307177651407,0.9865871292291458,0.919276472328484,0.03804374490432343
uniform_high,10,MIEF,91.85668283898742,0.8565981760794028,42,50,3,0.8510307177651407,0.9865871292291458,0.919276472328484,0.03804374490432343
uniform_high,10,Random,2296.9507688825165,48.25238810217731,42,50,3,0.8510307177651407,0.9865871292291458,0.919276472328484,0.03804374490432343
uniform_high,12,MGF,107.31762344915465,0.8575088587889698,42,50,3,0.8510307177651407,0.9865871292291458,0.9196531424128014,0.038316492561204965
uniform_high,12,MAF,195.61451625891297,6.938878327226139,42,50,3,0.8510307177651407,0.9865871292291458,0.9196531424128014,0.038316492561204965
uniform_high,12,MIEF,107.09026890083885,1.220505643228529,42,50,3,0.8510307177651407,0.9865871292291458,0.9196531424128014,0.038316492561204965
uniform_high,12,Random,3058.029950557315,124.70804469650007,42,50,3,0.8510307177651407,0.9865871292291458,0.9196531424128014,0.038316492561204965
uniform_high,14,MGF,123.12983188818032,1.0037423785039397,42,50,3,0.8510307177651407,0.9865871292291458,0.919017006748463,0.03809771203779458
uniform_high,14,MAF,324.428958505279,38.45316576599184,42,50,3,0.8510307177651407,0.9865871292291458,0.919017006748463,0.03809771203779458
uniform_high,14,MIEF,117.37064206179981,0.5177347717225377,42,50,3,0.8510307177651407,0.9865871292291458,0.919017006748463,0.03809771203779458
uniform_high,14,Random,3455.271074863746,877.6673051604585,42,50,3,0.8510307177651407,0.9865871292291458,0.919017006748463,0.03809771203779458
uniform_high,16,MGF,127.58025745546297,0.8102715383642471,42,50,3,0.8510307177651407,0.9865871292291458,0.9187471459483246,0.03845153634043812
uniform_high,16,MAF,563.1596027216528,50.8589975924148,42,50,3,0.8510307177651407,0.9865871292291458,0.9187471459483246,0.03845153634043812
uniform_high,16,MIEF,127.7940340625609,0.08967908568937276,42,50,3,0.8510307177651407,0.9865871292291458,0.9187471459483246,0.03845153634043812
uniform_high,16,Random,4587.928363920345,486.2061817015214,42,50,3,0.8510307177651407,0.9865871292291458,0.9187471459483246,0.03845153634043812
uniform_high,18,MGF,131.44764253137683,1.5221603020160155,42,50,3,0.8510307177651407,0.9865871292291458,0.9186364563465439,0.0385415173328188
uniform_high,18,MAF,972.8406340187665,85.27220741111987,42,50,3,0.8510307177651407,0.9865871292291458,0.9186364563465439,0.0385415173328188
uniform_high,18,MIEF,137.64978774149927,0.7789595067736172,42,50,3,0.8510307177651407,0.9865871292291458,0.9186364563465439,0.0385415173328188
uniform_high,18,Random,5086.648344635557,661.1691369804702,42,50,3,0.8510307177651407,0.9865871292291458,0.9186364563465439,0.0385415173328188
uniform_high,20,MGF,149.75960211497895,2.926551555322267,42,50,3,0.8510307177651407,0.9889325789678172,0.9190658313171156,0.039195700138183354
uniform_high,20,MAF,1780.0528759614315,67.38664484104493,42,50,3,0.8510307177651407,0.9889325789678172,0.9190658313171156,0.039195700138183354
uniform_high,20,MIEF,145.1263521233848,1.0995184718738928,42,50,3,0.8510307177651407,0.9889325789678172,0.9190658313171156,0.039195700138183354
uniform_high,20,Random,5794.698645413188,605.3262178361479,42,50,3,0.8510307177651407,0.9889325789678172,0.9190658313171156,0.039195700138183354
uniform_low,2,MGF,103.96926741423353,29.300559249052192,42,50,3,0.37233603963646134,0.6914678230728646,0.5447856638156797,0.0998518632574722
uniform_low,2,MAF,139.3971164540796,44.144664754536166,42,50,3,0.37233603963646134,0.6914678230728646,0.5447856638156797,0.0998518632574722
uniform_low,2,MIEF,95.31200207449399,21.94628132186484,42,50,3,0.37233603963646134,0.6914678230728646,0.5447856638156797,0.0998518632574722
uniform_low,2,Random,2995.5180155233866,2128.2234746097984,42,50,3,0.37233603963646134,0.6914678230728646,0.5447856638156797,0.0998518632574722
uniform_low,4,MGF,89.89020441084517,2.221508608577379,42,50,3,0.36533131802553004,0.6914678230728646,0.5429058677046522,0.10057759233521987
uniform_low,4,MAF,144.91704009076378,51.70341134748542,42,50,3,0.36533131802553004,0.6914678230728646,0.5429058677046522,0.10057759233521987
uniform_low,4,MIEF,107.53236795938956,21.651059230347805,42,50,3,0.36533131802553004,0.6914678230728646,0.5429058677046522,0.10057759233521987
uniform_low,4,Random,2945.098962526033,1231.1959748211898,42,50,3,0.36533131802553004,0.6914678230728646,0.5429058677046522,0.10057759233521987
uniform_low,6,MGF,105.11313575423976,6.263846124854859,42,50,3,0.3525767944128519,0.6914678230728646,0.5342081264193641,0.09907104816199395
uniform_low,6,MAF,164.84026250776012,28.089037366170764,42,50,3,0.3525767944128519,0.6914678230728646,0.5342081264193641,0.09907104816199395
uniform_low,6,MIEF,111.63092930302169,5.375636248482439,42,50,3,0.3525767944128519,0.6914678230728646,0.5342081264193641,0.09907104816199395
uniform_low,6,Random,2437.6449568789494,182.93044846778002,42,50,3,0.3525767944128519,0.6914678230728646,0.5342081264193641,0.09907104816199395
uniform_low,8,MGF,118.20638295872125,1.1000924907664484,42,50,3,0.3525767944128519,0.6914678230728646,0.5288908258777977,0.09443311586452609
uniform_low,8,MAF,365.349554544215,94.66278243236515,42,50,3,0.3525767944128519,0.6914678230728646,0.5288908258777977,0.09443311586452609
uniform_low,8,MIEF,125.08056968798398,5.920046989784759,42,50,3,0.3525767944128519,0.6914678230728646,0.5288908258777977,0.09443311586452609
uniform_low,8,Random,4139.015124123296,703.1570217754177,42,50,3,0.3525767944128519,0.6914678230728646,0.5288908258777977,0.09443311586452609
uniform_low,10,MGF,129.57049746807698,3.0451943069832508,42,50,3,0.3525767944128519,0.6914678230728646,0.52319118082121,0.09510936226080857
uniform_low,10,MAF,1054.9848194660879,197.11544177153675,42,50,3,0.3525767944128519,0.6914678230728646,0.52319118082121,0.09510936226080857
uniform_low,10,MIEF,155.50954494026928,11.715444153301934,42,50,3,0.3525767944128519,0.6914678230728646,0.52319118082121,0.09510936226080857
uniform_low,10,Random,5353.089033860501,223.60036058726735,42,50,3,0.3525767944128519,0.6914678230728646,0.52319118082121,0.09510936226080857
uniform_low,12,MGF,149.0271181730249,8.312984982814948,42,50,3,0.3525767944128519,0.6914678230728646,0.5241328560320033,0.09579123140301238
uniform_low,12,MAF,2416.537656955668,156.81256226233413,42,50,3,0.3525767944128519,0.6914678230728646,0.5241328560320033,0.09579123140301238
uniform_low,12,MIEF,183.36926049042395,9.340156236383582,42,50,3,0.3525767944128519,0.6914678230728646,0.5241328560320033,0.09579123140301238
uniform_low,12,Random,5737.154890885319,400.630610007945,42,50,3,0.3525767944128519,0.6914678230728646,0.5241328560320033,0.09579123140301238
uniform_low,14,MGF,170.54493944738763,9.714684825998116,42,50,3,0.3525767944128519,0.6914678230728646,0.5225425168711575,0.09524428009448643
uniform_low,14,MAF,4563.957146571618,660.3590414495316,42,50,3,0.3525767944128519,0.6914678230728646,0.5225425168711575,0.09524428009448643
uniform_low,14,MIEF,206.49376950891224,17.455123683485304,42,50,3,0.3525767944128519,0.6914678230728646,0.5225425168711575,0.09524428009448643
uniform_low,14,Random,6692.530709351527,698.5241431748743,42,50,3,0.3525767944128519,0.6914678230728646,0.5225425168711575,0.09524428009448643
uniform_low,16,MGF,207.5042985414257,19.12607203393897,42,50,3,0.3525767944128519,0.6914678230728646,0.5218678648708113,0.09612884085109528
uniform_low,16,MAF,5973.491831032989,377.27778395270536,42,50,3,0.3525767944128519,0.6914678230728646,0.5218678648708113,0.09612884085109528
uniform_low,16,MIEF,314.46183927258306,66.2713956672479,42,50,3,0.3525767944128519,0.6914678230728646,0.5218678648708113,0.09612884085109528
uniform_low,16,Random,7314.629023374324,437.1466491111685,42,50,3,0.3525767944128519,0.6914678230728646,0.5218678648708113,0.09612884085109528
uniform_low,18,MGF,264.2405784542645,35.53335509251669,42,50,3,0.3525767944128519,0.6914678230728646,0.5215911408663602,0.096353793332047
uniform_low,18,MAF,6287.04086724126,16.07158296780064,42,50,3,0.3525767944128519,0.6914678230728646,0.5215911408663602,0.096353793332047
uniform_low,18,MIEF,383.0069231815882,80.36170008222895,42,50,3,0.3525767944128519,0.6914678230728646,0.5215911408663602,0.096353793332047
uniform_low,18,Random,7689.916495808321,415.9815681996201,42,50,3,0.3525767944128519,0.6914678230728646,0.5215911408663602,0.096353793332047
uniform_low,20,MGF,397.30424820512786,118.47090346425564,42,50,3,0.3525767944128519,0.6973314474195429,0.5226645782927889,0.09798925034545837
uniform_low,20,MAF,6595.660062758031,302.61317693705024,42,50,3,0.3525767944128519,0.6973314474195429,0.5226645782927889,0.09798925034545837
uniform_low,20,MIEF,351.66838928094194,71.48016582483541,42,50,3,0.3525767944128519,0.6973314474195429,0.5226645782927889,0.09798925034545837
uniform_low,20,Random,8298.517574267595,385.0250501362461,42,50,3,0.3525767944128519,0.6973314474195429,0.5226645782927889,0.09798925034545837
source_gradient,2,MGF,65.0830310117555,3.933217024436562,42,50,3,0.55,0.95,0.7500000000000001,0.19999999999999996
source_gradient,2,MAF,83.8977717467342,12.49037193875385,42,50,3,0.55,0.95,0.7500000000000001,0.19999999999999996
source_gradient,2,MIEF,70.64756285879979,7.520298093576843,42,50,3,0.55,0.95,0.7500000000000001,0.19999999999999996
source_gradient,2,Random,2379.422985213804,1709.5481033783342,42,50,3,0.55,0.95,0.7500000000000001,0.19999999999999996
source_gradient,4,MGF,70.96480733656205,5.083905592093313,42,50,3,0.55,0.95,0.7500000000000001,0.14907119849998596
source_gradient,4,MAF,77.36310340967647,10.797942837227643,42,50,3,0.55,0.95,0.7500000000000001,0.14907119849998596
source_gradient,4,MIEF,67.55196705326227,2.797441595959646,42,50,3,0.55,0.95,0.7500000000000001,0.14907119849998596
source_gradient,4,Random,1848.4639366148178,1130.014872722353,42,50,3,0.55,0.95,0.7500000000000001,0.14907119849998596
source_gradient,6,MGF,77.75086798553585,1.5579011202085848,42,50,3,0.55,0.95,0.7499999999999996,0.13662601021279464
source_gradient,6,MAF,87.1965055169167,5.591438164013112,42,50,3,0.55,0.95,0.7499999999999996,0.13662601021279464
source_gradient,6,MIEF,75.56895728029878,3.3887822429379963,42,50,3,0.55,0.95,0.7499999999999996,0.13662601021279464
source_gradient,6,Random,1279.39632610295,144.15530043162204,42,50,3,0.55,0.95,0.7499999999999996,0.13662601021279464
source_gradient,8,MGF,100.66963401301977,2.922860884991603,42,50,3,0.55,0.95,0.75,0.1309307341415954
source_gradient,8,MAF,123.2841280859203,8.058670953813076,42,50,3,0.55,0.95,0.75,0.1309307341415954
source_gradient,8,MIEF,95.75397484636403,5.305325760042647,42,50,3,0.55,0.95,0.75,0.1309307341415954
source_gradient,8,Random,2133.693103894471,596.0389029797275,42,50,3,0.55,0.95,0.75,0.1309307341415954
source_gradient,10,MGF,112.11212238161038,1.6831724079603705,42,50,3,0.55,0.95,0.75,0.12765694770084504
source_gradient,10,MAF,242.75218475838756,16.235566852633692,42,50,3,0.55,0.95,0.75,0.12765694770084504
source_gradient,10,MIEF,108.76232610300866,1.0700768012736093,42,50,3,0.55,0.95,0.75,0.12765694770084504
source_gradient,10,Random,3328.3436160880724,69.9959744902753,42,50,3,0.55,0.95,0.75,0.12765694770084504
source_gradient,12,MGF,128.27133494537838,1.652421176754261,42,50,3,0.55,0.95,0.7499999999999999,0.12552918289216952
source_gradient,12,MAF,450.28010262753816,44.59135670184595,42,50,3,0.55,0.95,0.7499999999999999,0.12552918289216952
source_gradient,12,MIEF,122.20420843022539,3.423041122782937,42,50,3,0.55,0.95,0.7499999999999999,0.12552918289216952
source_gradient,12,Random,4523.874347028157,723.9956291234258,42,50,3,0.55,0.95,0.7499999999999999,0.12552918289216952
source_gradient,14,MGF,152.03456706159668,7.351240554190128,42,50,3,0.55,0.95,0.75,0.12403473458920843
source_gradient,14,MAF,978.9900776147642,117.81165310363609,42,50,3,0.55,0.95,0.75,0.12403473458920843
source_gradient,14,MIEF,132.59441657343007,5.0030182549381275,42,50,3,0.55,0.95,0.75,0.12403473458920843
source_gradient,14,Random,4893.468160133268,882.6477400601831,42,50,3,0.55,0.95,0.75,0.12403473458920843
source_gradient,16,MGF,147.12044183045393,8.505355422696638,42,50,3,0.55,0.95,0.75,0.12292725943057183
source_gradient,16,MAF,1835.6881134397772,462.3721859931543,42,50,3,0.55,0.95,0.75,0.12292725943057183
source_gradient,16,MIEF,143.54653391878279,8.02434887241543,42,50,3,0.55,0.95,0.75,0.12292725943057183
source_gradient,16,Random,5768.433538804158,563.5083100795066,42,50,3,0.55,0.95,0.75,0.12292725943057183
source_gradient,18,MGF,174.9590729133579,5.024113748598743,42,50,3,0.55,0.95,0.75,0.12207358757861472
source_gradient,18,MAF,2604.381389388056,256.0030602950397,42,50,3,0.55,0.95,0.75,0.12207358757861472
source_gradient,18,MIEF,168.84067390175005,9.546729319481782,42,50,3,0.55,0.95,0.75,0.12207358757861472
source_gradient,18,Random,6385.206089295202,239.33480765798686,42,50,3,0.55,0.95,0.75,0.12207358757861472
source_gradient,20,MGF,177.52103721945832,5.960303622280212,42,50,3,0.55,0.95,0.75,0.12139539573337678
source_gradient,20,MAF,4158.3301767264,730.6370739844625,42,50,3,0.55,0.95,0.75,0.12139539573337678
source_gradient,20,MIEF,198.0637306524953,37.71815816044016,42,50,3,0.55,0.95,0.75,0.12139539573337678
source_gradient,20,Random,6549.209567342536,465.6009562187326,42,50,3,0.55,0.95,0.75,0.12139539573337678
task_gradient,2,MGF,66.34847259224613,2.0663607620207105,42,50,3,0.55,0.95,0.75,0.12909944487358052
task_gradient,2,MAF,74.2503439765181,2.6948878801500196,42,50,3,0.55,0.95,0.75,0.12909944487358052
task_gradient,2,MIEF,72.70965545271059,4.190812085800942,42,50,3,0.55,0.95,0.75,0.12909944487358052
task_gradient,2,Random,1861.374474710862,1402.2109298188423,42,50,3,0.55,0.95,0.75,0.12909944487358052
task_gradient,4,MGF,64.24696085522226,1.6208091896765155,42,50,3,0.55,0.95,0.75,0.12909944487358052
task_gradient,4,MAF,78.4245178843825,2.2701269080889066,42,50,3,0.55,0.95,0.75,0.12909944487358052
task_gradient,4,MIEF,66.33890978185202,0.7413839595660475,42,50,3,0.55,0.95,0.75,0.12909944487358052
task_gradient,4,Random,1439.8857211620482,602.2501644148848,42,50,3,0.55,0.95,0.75,0.12909944487358052
task_gradient,6,MGF,77.73118713023463,1.7946098013831868,42,50,3,0.55,0.95,0.75,0.12909944487358055
task_gradient,6,MAF,87.50690256432772,7.06746583854077,42,50,3,0.55,0.95,0.75,0.12909944487358055
task_gradient,6,MIEF,76.38799934465028,5.240841490329918,42,50,3,0.55,0.95,0.75,0.12909944487358055
task_gradient,6,Random,1266.6546062425489,89.20222994042622,42,50,3,0.55,0.95,0.75,0.12909944487358055
task_gradient,8,MGF,94.02965903779216,0.3795741083530326,42,50,3,0.55,0.95,0.75,0.12909944487358052
task_gradient,8,MAF,134.42840055919166,11.493609652610834,42,50,3,0.55,0.95,0.75,0.12909944487358052
task_gradient,8,MIEF,97.7076192149594,7.160894390047246,42,50,3,0.55,0.95,0.75,0.12909944487358052
task_gradient,8,Random,2220.0861306396546,418.9074781937566,42,50,3,0.55,0.95,0.75,0.12909944487358052
task_gradient,10,MGF,107.867599669988,1.8412612179270724,42,50,3,0.55,0.95,0.7499999999999999,0.12909944487358055
task_gradient,10,MAF,279.24065242243904,80.19512478752627,42,50,3,0.55,0.95,0.7499999999999999,0.12909944487358055
task_gradient,10,MIEF,110.60511066690496,0.5108625135253997,42,50,3,0.55,0.95,0.7499999999999999,0.12909944487358055
task_gradient,10,Random,3465.200968384006,437.60521286363104,42,50,3,0.55,0.95,0.7499999999999999,0.12909944487358055
task_gradient,12,MGF,117.69196080879237,2.8772075327632347,42,50,3,0.55,0.95,0.75,0.12909944487358055
task_gradient,12,MAF,457.9277909151618,136.30164000739043,42,50,3,0.55,0.95,0.75,0.12909944487358055
task_gradient,12,MIEF,125.28895736053101,3.5765165480141037,42,50,3,0.55,0.95,0.75,0.12909944487358055
task_gradient,12,Random,3935.5186575222324,217.70626889508068,42,50,3,0.55,0.95,0.75,0.12909944487358055
task_gradient,14,MGF,128.7536393603764,1.1796878330433824,42,50,3,0.55,0.95,0.7499999999999999,0.12909944487358052
task_gradient,14,MAF,879.645349970025,87.29398318485445,42,50,3,0.55,0.95,0.7499999999999999,0.12909944487358052
task_gradient,14,MIEF,130.03559625948333,0.4981095810560946,42,50,3,0.55,0.95,0.7499999999999999,0.12909944487358052
task_gradient,14,Random,4756.898512786475,691.4918745926342,42,50,3,0.55,0.95,0.7499999999999999,0.12909944487358052
task_gradient,16,MGF,137.65814178520074,4.05748548336499,42,50,3,0.55,0.95,0.75,0.12909944487358052
task_gradient,16,MAF,1485.6644707013072,227.06546508356146,42,50,3,0.55,0.95,0.75,0.12909944487358052
task_gradient,16,MIEF,146.80980388046225,8.766414430146806,42,50,3,0.55,0.95,0.75,0.12909944487358052
task_gradient,16,Random,5345.334013517611,636.9369293928584,42,50,3,0.55,0.95,0.75,0.12909944487358052
task_gradient,18,MGF,146.40537966750063,3.464895245684239,42,50,3,0.55,0.95,0.75,0.12909944487358052
task_gradient,18,MAF,2361.9555269909815,58.35891732246799,42,50,3,0.55,0.95,0.75,0.12909944487358052
task_gradient,18,MIEF,164.2983791711325,5.561532494846875,42,50,3,0.55,0.95,0.75,0.12909944487358052
task_gradient,18,Random,6418.595918822386,664.815202411739,42,50,3,0.55,0.95,0.75,0.12909944487358052
task_gradient,20,MGF,172.36602121548253,9.862428971855996,42,50,3,0.55,0.95,0.75,0.12909944487358052
task_gradient,20,MAF,3292.3954759122994,454.3224899362498,42,50,3,0.55,0.95,0.75,0.12909944487358052
task_gradient,20,MIEF,197.0878317405937,17.207865466333992,42,50,3,0.55,0.95,0.75,0.12909944487358052
task_gradient,20,Random,6612.276379956046,599.1912661491054,42,50,3,0.55,0.95,0.75,0.12909944487358052
bimodal_extreme,2,MGF,90.07587325598818,17.806552329271756,42,50,3,0.258775939215438,0.99,0.7004194306391955,0.32306727301966964
bimodal_extreme,2,MAF,267.82870667300557,262.43557460476546,42,50,3,0.258775939215438,0.99,0.7004194306391955,0.32306727301966964
bimodal_extreme,2,MIEF,130.39145627864244,34.19113532761393,42,50,3,0.258775939215438,0.99,0.7004194306391955,0.32306727301966964
bimodal_extreme,2,Random,1535.165209784753,141.72475847658998,42,50,3,0.258775939215438,0.99,0.7004194306391955,0.32306727301966964
bimodal_extreme,4,MGF,130.0007575017259,62.767201105624586,42,50,3,0.2156332783020985,0.9798988262246878,0.6930768734028968,0.3261930401082443
bimodal_extreme,4,MAF,497.0099762810293,575.5742660036855,42,50,3,0.2156332783020985,0.9798988262246878,0.6930768734028968,0.3261930401082443
bimodal_extreme,4,MIEF,160.67427940899844,81.90305282842058,42,50,3,0.2156332783020985,0.9798988262246878,0.6930768734028968,0.3261930401082443
bimodal_extreme,4,Random,2300.639248963687,657.1452000972952,42,50,3,0.2156332783020985,0.9798988262246878,0.6930768734028968,0.3261930401082443
bimodal_extreme,6,MGF,94.66079523653332,9.88876818863747,42,50,3,0.22769710728057724,0.9759845659557213,0.718574215886684,0.3121769349351609
bimodal_extreme,6,MAF,279.7782657072044,140.0039950515328,42,50,3,0.22769710728057724,0.9759845659557213,0.718574215886684,0.3121769349351609
bimodal_extreme,6,MIEF,109.0241497766397,14.160526174309636,42,50,3,0.22769710728057724,0.9759845659557213,0.718574215886684,0.3121769349351609
bimodal_extreme,6,Random,2426.953701294361,762.7409269628024,42,50,3,0.22769710728057724,0.9759845659557213,0.718574215886684,0.3121769349351609
bimodal_extreme,8,MGF,109.93283923026569,5.595347122970988,42,50,3,0.19339768596343454,0.99,0.748906876768441,0.3005408103061824
bimodal_extreme,8,MAF,239.24165673536632,81.14325345009827,42,50,3,0.19339768596343454,0.99,0.748906876768441,0.3005408103061824
bimodal_extreme,8,MIEF,114.17137854619561,4.397760926075661,42,50,3,0.19339768596343454,0.99,0.748906876768441,0.3005408103061824
bimodal_extreme,8,Random,2480.2400237303323,343.93497879207206,42,50,3,0.19339768596343454,0.99,0.748906876768441,0.3005408103061824
bimodal_extreme,10,MGF,126.70942893813987,11.230532692456103,42,50,3,0.22682789990814983,0.99,0.7636481945852543,0.2910939643225916
bimodal_extreme,10,MAF,466.34767901919093,49.907985822375636,42,50,3,0.22682789990814983,0.99,0.7636481945852543,0.2910939643225916
bimodal_extreme,10,MIEF,176.9790001670849,33.220779998199525,42,50,3,0.22682789990814983,0.99,0.7636481945852543,0.2910939643225916
bimodal_extreme,10,Random,3816.965249763022,453.8706831469063,42,50,3,0.22682789990814983,0.99,0.7636481945852543,0.2910939643225916
bimodal_extreme,12,MGF,264.21946723283344,148.98716862068528,42,50,3,0.1716670779534351,0.99,0.7621420932511755,0.2975231700676277
bimodal_extreme,12,MAF,1342.6217149264683,451.4991640124847,42,50,3,0.1716670779534351,0.99,0.7621420932511755,0.2975231700676277
bimodal_extreme,12,MIEF,388.6286515851967,161.7382942235762,42,50,3,0.1716670779534351,0.99,0.7621420932511755,0.2975231700676277
bimodal_extreme,12,Random,4556.807865534096,328.58512075794306,42,50,3,0.1716670779534351,0.99,0.7621420932511755,0.2975231700676277
bimodal_extreme,14,MGF,172.55017868840528,28.683654619174995,42,50,3,0.21277070065129033,0.99,0.7712730610850718,0.28689317403855874
bimodal_extreme,14,MAF,1754.8279793427416,275.4537609204808,42,50,3,0.21277070065129033,0.99,0.7712730610850718,0.28689317403855874
bimodal_extreme,14,MIEF,225.06704748364254,32.32806610039478,42,50,3,0.21277070065129033,0.99,0.7712730610850718,0.28689317403855874
bimodal_extreme,14,Random,4941.236715718912,692.791516590245,42,50,3,0.21277070065129033,0.99,0.7712730610850718,0.28689317403855874
bimodal_extreme,16,MGF,237.724534615557,51.95702793017002,42,50,3,0.1716670779534351,0.99,0.7734611256863716,0.2904375042961641
bimodal_extreme,16,MAF,3229.6606525411808,832.3742796898202,42,50,3,0.1716670779534351,0.99,0.7734611256863716,0.2904375042961641
bimodal_extreme,16,MIEF,245.2181820920276,51.409452727512736,42,50,3,0.1716670779534351,0.99,0.7734611256863716,0.2904375042961641
bimodal_extreme,16,Random,5928.550891361917,508.36571065240986,42,50,3,0.1716670779534351,0.99,0.7734611256863716,0.2904375042961641
bimodal_extreme,18,MGF,252.71545849552106,56.407832468025155,42,50,3,0.1963508282004354,0.99,0.7729919058622745,0.29218934927256973
bimodal_extreme,18,MAF,5919.503649792281,143.04699110106216,42,50,3,0.1963508282004354,0.99,0.7729919058622745,0.29218934927256973
bimodal_extreme,18,MIEF,327.25647177442306,82.1430524051998,42,50,3,0.1963508282004354,0.99,0.7729919058622745,0.29218934927256973
bimodal_extreme,18,Random,6169.469474861492,789.924495132997,42,50,3,0.1963508282004354,0.99,0.7729919058622745,0.29218934927256973
bimodal_extreme,20,MGF,329.5798770899135,76.26380183182117,42,50,3,0.18331919400758473,0.99,0.7674236668200305,0.2951487243479667
bimodal_extreme,20,MAF,6071.418078417567,160.02283541185508,42,50,3,0.18331919400758473,0.99,0.7674236668200305,0.2951487243479667
bimodal_extreme,20,MIEF,328.20275703318885,56.982712793004055,42,50,3,0.18331919400758473,0.99,0.7674236668200305,0.2951487243479667
bimodal_extreme,20,Random,7409.342622357646,464.70852193150694,42,50,3,0.18331919400758473,0.99,0.7674236668200305,0.2951487243479667
adversarial_by_penalty_type,2,MGF,61.28842536212346,2.5305032100922573,42,50,3,0.5239564098627537,0.9225448241393607,0.7816809264370941,0.16539751694156263
adversarial_by_penalty_type,2,MAF,67.93101053443085,4.832764832740067,42,50,3,0.5239564098627537,0.9225448241393607,0.7816809264370941,0.16539751694156263
adversarial_by_penalty_type,2,MIEF,60.27321047271504,1.1056412505972424,42,50,3,0.5239564098627537,0.9225448241393607,0.7816809264370941,0.16539751694156263
adversarial_by_penalty_type,2,Random,647.8227861433057,613.8896346346252,42,50,3,0.5239564098627537,0.9225448241393607,0.7816809264370941,0.16539751694156263
adversarial_by_penalty_type,4,MGF,62.212234407229744,1.2911913830406458,42,50,3,0.5239564098627537,0.9428329520174092,0.7848103291481637,0.16573452157674404
adversarial_by_penalty_type,4,MAF,69.17458834221993,5.461769671837193,42,50,3,0.5239564098627537,0.9428329520174092,0.7848103291481637,0.16573452157674404
adversarial_by_penalty_type,4,MIEF,59.72947145526184,0.8196001571784904,42,50,3,0.5239564098627537,0.9428329520174092,0.7848103291481637,0.16573452157674404
adversarial_by_penalty_type,4,Random,731.6478185496007,103.88354559781786,42,50,3,0.5239564098627537,0.9428329520174092,0.7848103291481637,0.16573452157674404
adversarial_by_penalty_type,6,MGF,71.82841002457405,2.1758192095813595,42,50,3,0.5239564098627537,0.9428329520174092,0.7847052341159134,0.16589755931271596
adversarial_by_penalty_type,6,MAF,85.38644621660278,4.689853211981964,42,50,3,0.5239564098627537,0.9428329520174092,0.7847052341159134,0.16589755931271596
adversarial_by_penalty_type,6,MIEF,69.25756509755502,0.8397453931405764,42,50,3,0.5239564098627537,0.9428329520174092,0.7847052341159134,0.16589755931271596
adversarial_by_penalty_type,6,Random,668.7905335565955,404.83918729575146,42,50,3,0.5239564098627537,0.9428329520174092,0.7847052341159134,0.16589755931271596
adversarial_by_penalty_type,8,MGF,90.01859154629865,1.5164850207135703,42,50,3,0.5239564098627537,0.9428329520174092,0.7837776509648091,0.1646738233710598
adversarial_by_penalty_type,8,MAF,125.56326199318026,22.42550103980702,42,50,3,0.5239564098627537,0.9428329520174092,0.7837776509648091,0.1646738233710598
adversarial_by_penalty_type,8,MIEF,84.41518900182008,0.3097446054901516,42,50,3,0.5239564098627537,0.9428329520174092,0.7837776509648091,0.1646738233710598
adversarial_by_penalty_type,8,Random,1286.9744492822908,229.8127918043347,42,50,3,0.5239564098627537,0.9428329520174092,0.7837776509648091,0.1646738233710598
adversarial_by_penalty_type,10,MGF,102.5419770414464,0.574576000167872,42,50,3,0.5239564098627537,0.9428329520174092,0.783526500872239,0.16453055913829118
adversarial_by_penalty_type,10,MAF,214.88017297259094,17.150103342567988,42,50,3,0.5239564098627537,0.9428329520174092,0.783526500872239,0.16453055913829118
adversarial_by_penalty_type,10,MIEF,95.74050169105057,1.565188839935782,42,50,3,0.5239564098627537,0.9428329520174092,0.783526500872239,0.16453055913829118
adversarial_by_penalty_type,10,Random,2367.079116673962,115.72630585852978,42,50,3,0.5239564098627537,0.9428329520174092,0.783526500872239,0.16453055913829118
adversarial_by_penalty_type,12,MGF,114.41790989956722,0.5523964172158696,42,50,3,0.5210577505515382,0.9428329520174092,0.7821939344118662,0.1644050018411067
adversarial_by_penalty_type,12,MAF,445.0558386927782,113.73112859144717,42,50,3,0.5210577505515382,0.9428329520174092,0.7821939344118662,0.1644050018411067
adversarial_by_penalty_type,12,MIEF,109.16579211204477,0.46339593512526334,42,50,3,0.5210577505515382,0.9428329520174092,0.7821939344118662,0.1644050018411067
adversarial_by_penalty_type,12,Random,3050.7375217365893,145.2363266033709,42,50,3,0.5210577505515382,0.9428329520174092,0.7821939344118662,0.1644050018411067
adversarial_by_penalty_type,14,MGF,126.48550609629189,0.8847076365290794,42,50,3,0.5210577505515382,0.9428329520174092,0.7824886854127179,0.16485925370385465
adversarial_by_penalty_type,14,MAF,765.0612605174705,215.97343869541635,42,50,3,0.5210577505515382,0.9428329520174092,0.7824886854127179,0.16485925370385465
adversarial_by_penalty_type,14,MIEF,119.78235554606177,1.168338737976326,42,50,3,0.5210577505515382,0.9428329520174092,0.7824886854127179,0.16485925370385465
adversarial_by_penalty_type,14,Random,3669.6781971368655,1004.1119235259025,42,50,3,0.5210577505515382,0.9428329520174092,0.7824886854127179,0.16485925370385465
adversarial_by_penalty_type,16,MGF,132.83357803393545,2.060122797664165,42,50,3,0.5205838741099469,0.9582772493201466,0.7823846871741748,0.16555424635110622
adversarial_by_penalty_type,16,MAF,1356.5050509328128,96.66287245451049,42,50,3,0.5205838741099469,0.9582772493201466,0.7823846871741748,0.16555424635110622
adversarial_by_penalty_type,16,MIEF,130.65695905740282,4.060773607417524,42,50,3,0.5205838741099469,0.9582772493201466,0.7823846871741748,0.16555424635110622
adversarial_by_penalty_type,16,Random,4604.901392814703,612.4458812531615,42,50,3,0.5205838741099469,0.9582772493201466,0.7823846871741748,0.16555424635110622
adversarial_by_penalty_type,18,MGF,140.63637524786145,1.3130160623046547,42,50,3,0.5165063411059129,0.9582772493201466,0.7819146777989154,0.16559923534452078
adversarial_by_penalty_type,18,MAF,2362.7487647180933,105.92831099204031,42,50,3,0.5165063411059129,0.9582772493201466,0.7819146777989154,0.16559923534452078
adversarial_by_penalty_type,18,MIEF,141.06525838594692,1.6264217922948403,42,50,3,0.5165063411059129,0.9582772493201466,0.7819146777989154,0.16559923534452078
adversarial_by_penalty_type,18,Random,4971.241561613778,635.7705056126335,42,50,3,0.5165063411059129,0.9582772493201466,0.7819146777989154,0.16559923534452078
adversarial_by_penalty_type,20,MGF,140.02923026800798,0.46962340393286217,42,50,3,0.5165063411059129,0.9582772493201466,0.7821980305660096,0.16545258469148524
adversarial_by_penalty_type,20,MAF,3505.149864448387,740.4169748802972,42,50,3,0.5165063411059129,0.9582772493201466,0.7821980305660096,0.16545258469148524
adversarial_by_penalty_type,20,MIEF,151.48424341156945,1.1937390897446973,42,50,3,0.5165063411059129,0.9582772493201466,0.7821980305660096,0.16545258469148524
adversarial_by_penalty_type,20,Random,5958.515747872833,538.6111144997657,42,50,3,0.5165063411059129,0.9582772493201466,0.7821980305660096,0.16545258469148524
